,week,twitter_per_hour,pos_rate,neg_rate,ratio_pos_neg,favorite_rate,current_rank,date_period,Song_ID,Song_IDN,past_rank_1,past_rank_2,past_rank_3,past_rank_4,next_rank
0,14.0,1.05401844532,0.888888888889,0.0,17.0,0.277777777778,101.0,2016-04-03 ~ 2016-04-09,$ave Dat Money%LIL DICKY ,1,101.0,101.0,89.0,95.0,101.0
1,15.0,12.9397669099,0.915824915825,0.010101010101,68.25,0.340067340067,101.0,2016-04-10 ~ 2016-04-16,$ave Dat Money%LIL DICKY ,1,101.0,101.0,101.0,89.0,101.0
2,16.0,3.94808992872,0.95,0.0,58.0,0.433333333333,101.0,2016-04-17 ~ 2016-04-23,$ave Dat Money%LIL DICKY ,1,101.0,101.0,101.0,101.0,0.0
0,14.0,7.78734338932,0.248322147651,0.0671140939597,3.45454545455,0.355704697987,18.0,2016-04-03 ~ 2016-04-09,2 Phones%KEVIN GATES,2,18.0,21.0,25.0,29.0,18.0
1,15.0,82.8051779335,0.199193141704,0.0564800806858,3.50442477876,0.537569339385,18.0,2016-04-10 ~ 2016-04-16,2 Phones%KEVIN GATES,2,18.0,18.0,21.0,25.0,18.0
2,16.0,45.0349461458,0.141700404858,0.0269905533063,5.04761904762,0.805668016194,18.0,2016-04-17 ~ 2016-04-23,2 Phones%KEVIN GATES,2,18.0,18.0,18.0,21.0,0.0
0,14.0,10.9030689125,0.330049261084,0.0246305418719,11.3333333333,0.290640394089,39.0,2016-04-03 ~ 2016-04-09,679%FETTY WAP ,3,40.0,39.0,35.0,30.0,40.0
1,15.0,83.6017962326,0.240080361627,0.01958814666,11.975,0.374183827223,40.0,2016-04-10 ~ 2016-04-16,679%FETTY WAP ,3,39.0,40.0,39.0,35.0,40.0
2,16.0,31.7544776474,0.228007181329,0.0143626570916,14.2222222222,0.138240574506,40.0,2016-04-17 ~ 2016-04-23,679%FETTY WAP ,3,40.0,39.0,40.0,39.0,0.0
0,15.0,0.00595238095238,0.0,0.0,1.0,0.0,2.0,2016-04-10 ~ 2016-04-16,7 Years%LUKAS GRAHAM,4,2.0,3.0,5.0,9.0,2.0
0,15.0,0.00595238095238,0.0,0.0,1.0,0.0,2.0,2016-04-10 ~ 2016-04-16,7 Years%LUKAS GRAHAM,4,2.0,3.0,5.0,9.0,2.0
0,14.0,0.00595238095238,0.261466873477,0.0169510303567,15.3311688312,4.46055838688,2.0,2016-04-03 ~ 2016-04-09,7 Years%LUKAS GRAHAM,4,3.0,5.0,9.0,12.0,2.0
0,14.0,0.00595238095238,0.0,0.0,1.0,0.0,73.0,2016-04-03 ~ 2016-04-09,Acquainted%THE WEEKND,5,76.0,77.0,75.0,76.0,70.0
0,14.0,0.00595238095238,1.0,0.0,3.0,0.0,73.0,2016-04-03 ~ 2016-04-09,Acquainted%THE WEEKND,5,76.0,77.0,75.0,76.0,70.0
1,16.0,0.00595238095238,1.0,0.0,2.0,0.0,70.0,2016-04-17 ~ 2016-04-23,Acquainted%THE WEEKND,5,70.0,73.0,76.0,77.0,0.0
0,14.0,0.00595238095238,0.0,0.0,1.0,0.0,76.0,2016-04-03 ~ 2016-04-09,Adventure Of A Lifetime%COLDPLAY,6,65.0,53.0,41.0,33.0,101.0
0,14.0,0.00595238095238,0.0,0.0,1.0,0.24,76.0,2016-04-03 ~ 2016-04-09,Adventure Of A Lifetime%COLDPLAY,6,65.0,53.0,41.0,33.0,101.0
1,16.0,0.419588570097,0.0,0.0,1.0,0.0,101.0,2016-04-17 ~ 2016-04-23,Adventure Of A Lifetime%COLDPLAY,6,101.0,76.0,65.0,53.0,0.0
0,14.0,0.00595238095238,0.0,0.0,1.0,0.0,101.0,2016-04-03 ~ 2016-04-09,All I Ask%ADELE,7,101.0,101.0,101.0,101.0,101.0
0,14.0,0.00595238095238,0.0,0.05,0.5,0.0,101.0,2016-04-03 ~ 2016-04-09,All I Ask%ADELE,7,101.0,101.0,101.0,101.0,101.0
1,16.0,1.19178989186,0.0,0.0,1.0,0.0,101.0,2016-04-17 ~ 2016-04-23,All I Ask%ADELE,7,101.0,101.0,101.0,101.0,0.0
0,15.0,0.00595238095238,0.0,0.0,1.0,0.0,101.0,2016-04-10 ~ 2016-04-16,American Country Love Song%JAKE OWEN,9,101.0,101.0,83.0,101.0,101.0
0,15.0,0.00595238095238,0.0,0.0,1.0,0.0,101.0,2016-04-10 ~ 2016-04-16,American Country Love Song%JAKE OWEN,9,101.0,101.0,83.0,101.0,101.0
0,14.0,0.00595238095238,1.0,0.0,2.0,0.0,101.0,2016-04-03 ~ 2016-04-09,American Country Love Song%JAKE OWEN,9,101.0,83.0,101.0,101.0,101.0
0,14.0,0.00595238095238,0.0,0.0,1.0,0.0,101.0,2016-04-03 ~ 2016-04-09,Antidote%TRAVI$ SCOTT,10,101.0,101.0,47.0,40.0,101.0
0,14.0,0.00595238095238,0.666666666667,0.0,3.0,0.0,101.0,2016-04-03 ~ 2016-04-09,Antidote%TRAVI$ SCOTT,10,101.0,101.0,47.0,40.0,101.0
1,16.0,1.00069492703,0.0,0.0,1.0,0.0,101.0,2016-04-17 ~ 2016-04-23,Antidote%TRAVI$ SCOTT,10,101.0,101.0,101.0,101.0,0.0
0,14.0,0.00595238095238,0.0,0.0,1.0,0.0,30.0,2016-04-03 ~ 2016-04-09,Back To Sleep%CHRIS BROWN,11,29.0,25.0,20.0,36.0,37.0
0,14.0,0.00595238095238,0.5,0.0,2.0,1.5,30.0,2016-04-03 ~ 2016-04-09,Back To Sleep%CHRIS BROWN,11,29.0,25.0,20.0,36.0,37.0
1,16.0,0.428545919886,0.0,0.5,0.5,0.0,37.0,2016-04-17 ~ 2016-04-23,Back To Sleep%CHRIS BROWN,11,37.0,30.0,29.0,25.0,0.0
0,14.0,0.00595238095238,0.0,0.0,1.0,0.0,101.0,2016-04-03 ~ 2016-04-09,Bang My Head%DAVID GUETTA ,13,101.0,101.0,101.0,101.0,101.0
0,14.0,0.00595238095238,0.0,0.0,1.0,0.263157894737,101.0,2016-04-03 ~ 2016-04-09,Bang My Head%DAVID GUETTA ,13,101.0,101.0,101.0,101.0,101.0
1,16.0,0.182609026466,0.0,0.0,1.0,0.5,101.0,2016-04-17 ~ 2016-04-23,Bang My Head%DAVID GUETTA ,13,101.0,101.0,101.0,101.0,0.0
0,14.0,0.00595238095238,0.0,0.0,1.0,0.0,43.0,2016-04-03 ~ 2016-04-09,Be Alright%ARIANA GRANDE,14,101.0,101.0,101.0,101.0,101.0
0,14.0,0.00595238095238,0.0,0.0,1.0,0.0,43.0,2016-04-03 ~ 2016-04-09,Be Alright%ARIANA GRANDE,14,101.0,101.0,101.0,101.0,101.0
0,16.0,0.00595238095238,0.0,0.0,1.0,0.0,101.0,2016-04-17 ~ 2016-04-23,Be Alright%ARIANA GRANDE,14,101.0,43.0,101.0,101.0,0.0
0,14.0,0.63464081093,0.0,0.0,1.0,0.0,101.0,2016-04-03 ~ 2016-04-09,Bet You Can't Do It Like Me%DLOW,17,101.0,101.0,101.0,101.0,101.0
1,15.0,3.53738822836,0.428571428571,0.0142857142857,15.5,0.0428571428571,101.0,2016-04-10 ~ 2016-04-16,Bet You Can't Do It Like Me%DLOW,17,101.0,101.0,101.0,101.0,101.0
2,16.0,12.6859827721,0.277777777778,0.0,6.0,0.0,101.0,2016-04-17 ~ 2016-04-23,Bet You Can't Do It Like Me%DLOW,17,101.0,101.0,101.0,101.0,0.0
0,14.0,0.00595238095238,0.0,0.0,1.0,0.0,98.0,2016-04-03 ~ 2016-04-09,Body%DREEZY ,18,101.0,101.0,101.0,101.0,89.0
0,14.0,0.00595238095238,0.416666666667,0.166666666667,2.0,0.583333333333,98.0,2016-04-03 ~ 2016-04-09,Body%DREEZY ,18,101.0,101.0,101.0,101.0,89.0
1,16.0,0.00595238095238,0.0,0.0,1.0,0.0,89.0,2016-04-17 ~ 2016-04-23,Body%DREEZY ,18,89.0,98.0,101.0,101.0,0.0
0,14.0,0.00595238095238,0.0,0.0,1.0,0.0,9.0,2016-04-03 ~ 2016-04-09,Cake By The Ocean%DNCE,21,9.0,9.0,10.0,9.0,11.0
0,14.0,0.00595238095238,0.48,0.06,6.25,0.42,9.0,2016-04-03 ~ 2016-04-09,Cake By The Ocean%DNCE,21,9.0,9.0,10.0,9.0,11.0
1,16.0,0.418103898819,0.1,0.0,2.0,0.1,11.0,2016-04-17 ~ 2016-04-23,Cake By The Ocean%DNCE,21,11.0,9.0,9.0,9.0,0.0
0,14.0,0.00595238095238,0.0,0.0,1.0,0.0,61.0,2016-04-03 ~ 2016-04-09,Came Here To Forget%BLAKE SHELTON,22,42.0,54.0,101.0,101.0,48.0
0,14.0,0.00595238095238,0.0,0.0,1.0,0.0,61.0,2016-04-03 ~ 2016-04-09,Came Here To Forget%BLAKE SHELTON,22,42.0,54.0,101.0,101.0,48.0
0,16.0,0.00595238095238,0.0,0.0,1.0,0.0,48.0,2016-04-17 ~ 2016-04-23,Came Here To Forget%BLAKE SHELTON,22,48.0,61.0,42.0,54.0,0.0
0,15.0,0.00595238095238,0.0,0.0,1.0,0.0,101.0,2016-04-10 ~ 2016-04-16,Can't Feel My Face%THE WEEKND,23,101.0,50.0,45.0,39.0,101.0
0,15.0,0.00595238095238,0.0,0.0,1.0,0.0,101.0,2016-04-10 ~ 2016-04-16,Can't Feel My Face%THE WEEKND,23,101.0,50.0,45.0,39.0,101.0
0,14.0,0.00595238095238,0.0892857142857,0.0178571428571,3.66666666667,0.116071428571,101.0,2016-04-03 ~ 2016-04-09,Can't Feel My Face%THE WEEKND,23,50.0,45.0,39.0,38.0,101.0
0,14.0,0.00595238095238,0.0,0.0,1.0,0.0,71.0,2016-04-03 ~ 2016-04-09,Cheap Thrills%SIA ,24,87.0,92.0,91.0,97.0,39.0
0,14.0,0.00595238095238,1.0,0.0,21.0,0.45,71.0,2016-04-03 ~ 2016-04-09,Cheap Thrills%SIA ,24,87.0,92.0,91.0,97.0,39.0
1,16.0,7.72532188841,1.0,0.0,6.0,0.0,39.0,2016-04-17 ~ 2016-04-23,Cheap Thrills%SIA ,24,39.0,71.0,87.0,92.0,0.0
0,14.0,0.00595238095238,0.0,0.0,1.0,0.0,101.0,2016-04-03 ~ 2016-04-09,Close%NICK JONAS ,25,101.0,101.0,101.0,101.0,27.0
0,14.0,0.00595238095238,0.408450704225,0.0352112676056,9.83333333333,0.457746478873,101.0,2016-04-03 ~ 2016-04-09,Close%NICK JONAS ,25,101.0,101.0,101.0,101.0,27.0
1,16.0,5.07478699118,0.29203539823,0.106194690265,2.61538461538,0.911504424779,27.0,2016-04-17 ~ 2016-04-23,Close%NICK JONAS ,25,27.0,101.0,101.0,101.0,0.0
0,14.0,0.00595238095238,0.0,0.0,1.0,0.0,66.0,2016-04-03 ~ 2016-04-09,Company%JUSTIN BIEBER,26,77.0,89.0,101.0,101.0,57.0
0,14.0,0.00595238095238,0.0365535248042,0.0130548302872,2.63636363636,0.0744125326371,66.0,2016-04-03 ~ 2016-04-09,Company%JUSTIN BIEBER,26,77.0,89.0,101.0,101.0,57.0
1,16.0,742.033563672,0.0595466155811,0.0207535121328,2.85496183206,2.19236909323,57.0,2016-04-17 ~ 2016-04-23,Company%JUSTIN BIEBER,26,57.0,66.0,77.0,89.0,0.0
0,14.0,0.00595238095238,0.0,0.0,1.0,0.0,55.0,2016-04-03 ~ 2016-04-09,Confession%FLORIDA GEORGIA LINE,27,60.0,60.0,62.0,62.0,56.0
0,14.0,0.00595238095238,0.0,0.0,1.0,0.0,55.0,2016-04-03 ~ 2016-04-09,Confession%FLORIDA GEORGIA LINE,27,60.0,60.0,62.0,62.0,56.0
0,16.0,0.00595238095238,0.333333333333,0.0,2.0,0.333333333333,56.0,2016-04-17 ~ 2016-04-23,Confession%FLORIDA GEORGIA LINE,27,56.0,55.0,60.0,60.0,0.0
0,14.0,0.00595238095238,0.0,0.0,1.0,0.0,101.0,2016-04-03 ~ 2016-04-09,Confident%DEMI LOVATO,28,101.0,101.0,101.0,101.0,101.0
0,14.0,0.00595238095238,0.980392156863,0.0,51.0,0.411764705882,101.0,2016-04-03 ~ 2016-04-09,Confident%DEMI LOVATO,28,101.0,101.0,101.0,101.0,101.0
1,16.0,8.64300626305,1.0,0.0,24.0,0.173913043478,101.0,2016-04-17 ~ 2016-04-23,Confident%DEMI LOVATO,28,101.0,101.0,101.0,101.0,0.0
0,14.0,0.00595238095238,0.0,1.0,0.5,1.0,13.0,2016-04-03 ~ 2016-04-09,Dangerous Woman%ARIANA GRANDE,30,10.0,101.0,101.0,101.0,12.0
1,15.0,1.38315243492,0.0,1.0,0.0588235294118,0.25,12.0,2016-04-10 ~ 2016-04-16,Dangerous Woman%ARIANA GRANDE,30,13.0,10.0,101.0,101.0,12.0
2,16.0,4.22907488987,0.0,1.0,0.0769230769231,0.0,12.0,2016-04-17 ~ 2016-04-23,Dangerous Woman%ARIANA GRANDE,30,12.0,13.0,10.0,101.0,0.0
0,14.0,0.00595238095238,0.0,0.0,1.0,0.0,101.0,2016-04-03 ~ 2016-04-09,Dessert%DAWIN,31,101.0,101.0,101.0,101.0,101.0
0,14.0,0.00595238095238,0.266666666667,0.0444444444444,4.33333333333,0.133333333333,101.0,2016-04-03 ~ 2016-04-09,Dessert%DAWIN,31,101.0,101.0,101.0,101.0,101.0
1,16.0,0.714115686741,0.4,0.0,7.0,0.2,101.0,2016-04-17 ~ 2016-04-23,Dessert%DAWIN,31,101.0,101.0,101.0,101.0,0.0
0,14.0,0.00595238095238,0.0,0.0,1.0,0.0,101.0,2016-04-03 ~ 2016-04-09,Dibs%KELSEA BALLERINI,32,101.0,101.0,101.0,69.0,101.0
0,14.0,0.00595238095238,0.722222222222,0.0,14.0,1.05555555556,101.0,2016-04-03 ~ 2016-04-09,Dibs%KELSEA BALLERINI,32,101.0,101.0,101.0,69.0,101.0
1,16.0,0.314901593252,0.285714285714,0.0,3.0,5.57142857143,101.0,2016-04-17 ~ 2016-04-23,Dibs%KELSEA BALLERINI,32,101.0,101.0,101.0,101.0,0.0
0,14.0,0.00595238095238,0.0,0.0,1.0,0.0,44.0,2016-04-03 ~ 2016-04-09,Die A Happy Man%THOMAS RHETT,33,43.0,41.0,38.0,39.0,45.0
0,14.0,0.00595238095238,0.0,0.0,1.0,0.0,44.0,2016-04-03 ~ 2016-04-09,Die A Happy Man%THOMAS RHETT,33,43.0,41.0,38.0,39.0,45.0
0,16.0,0.00595238095238,1.0,0.0,2.0,0.0,45.0,2016-04-17 ~ 2016-04-23,Die A Happy Man%THOMAS RHETT,33,45.0,44.0,43.0,41.0,0.0
0,14.0,0.00595238095238,0.0,0.0,1.0,0.0,101.0,2016-04-03 ~ 2016-04-09,Digits%YOUNG THUG,34,101.0,101.0,101.0,101.0,93.0
0,14.0,0.00595238095238,0.928571428571,0.0,14.0,0.285714285714,101.0,2016-04-03 ~ 2016-04-09,Digits%YOUNG THUG,34,101.0,101.0,101.0,101.0,93.0
1,16.0,0.295631227417,1.0,0.0,4.0,0.333333333333,93.0,2016-04-17 ~ 2016-04-23,Digits%YOUNG THUG,34,93.0,101.0,101.0,101.0,0.0
0,15.0,0.00595238095238,0.0,0.0,1.0,0.0,25.0,2016-04-10 ~ 2016-04-16,Don't Let Me Down%THE CHAINSMOKERS ,35,31.0,54.0,63.0,76.0,25.0
0,15.0,0.00595238095238,0.0,0.0,1.0,0.0,25.0,2016-04-10 ~ 2016-04-16,Don't Let Me Down%THE CHAINSMOKERS ,35,31.0,54.0,63.0,76.0,25.0
0,14.0,0.00595238095238,0.162470023981,0.825839328537,0.19702467344,0.909472422062,31.0,2016-04-03 ~ 2016-04-09,Don't Let Me Down%THE CHAINSMOKERS ,35,54.0,63.0,76.0,81.0,25.0
0,15.0,0.00595238095238,0.0,0.0,1.0,0.0,24.0,2016-04-10 ~ 2016-04-16,Don't%BRYSON TILLER,36,23.0,21.0,19.0,19.0,24.0
0,15.0,0.00595238095238,0.0,0.0,1.0,0.0,24.0,2016-04-10 ~ 2016-04-16,Don't%BRYSON TILLER,36,23.0,21.0,19.0,19.0,24.0
0,14.0,0.00595238095238,0.0462633451957,0.0355871886121,1.27272727273,0.209964412811,23.0,2016-04-03 ~ 2016-04-09,Don't%BRYSON TILLER,36,21.0,19.0,19.0,17.0,24.0
0,14.0,0.00595238095238,0.0,0.0,1.0,0.0,49.0,2016-04-03 ~ 2016-04-09,Ex's & Oh's%ELLE KING,39,48.0,40.0,40.0,34.0,101.0
0,14.0,0.00595238095238,0.219512195122,0.00573888091822,34.1111111111,0.331420373027,49.0,2016-04-03 ~ 2016-04-09,Ex's & Oh's%ELLE KING,39,48.0,40.0,40.0,34.0,101.0
1,16.0,35.7378618761,0.197969543147,0.00253807106599,39.5,0.109137055838,101.0,2016-04-17 ~ 2016-04-23,Ex's & Oh's%ELLE KING,39,101.0,49.0,48.0,40.0,0.0
0,14.0,0.00595238095238,0.0,0.0,1.0,0.0,26.0,2016-04-03 ~ 2016-04-09,Exchange%BRYSON TILLER,40,30.0,26.0,36.0,37.0,29.0
0,14.0,0.00595238095238,0.357142857143,0.214285714286,1.5,0.571428571429,26.0,2016-04-03 ~ 2016-04-09,Exchange%BRYSON TILLER,40,30.0,26.0,36.0,37.0,29.0
1,16.0,0.725245945674,0.5,0.0833333333333,3.5,0.75,29.0,2016-04-17 ~ 2016-04-23,Exchange%BRYSON TILLER,40,29.0,26.0,30.0,26.0,0.0
0,14.0,0.00595238095238,0.0,0.0,1.0,0.0,100.0,2016-04-03 ~ 2016-04-09,Fast Car%JONAS BLUE ,41,100.0,101.0,101.0,101.0,98.0
0,14.0,0.00595238095238,1.0,0.0,28.0,0.037037037037,100.0,2016-04-03 ~ 2016-04-09,Fast Car%JONAS BLUE ,41,100.0,101.0,101.0,101.0,98.0
1,16.0,1.01077457621,1.0,0.0,9.0,0.125,98.0,2016-04-17 ~ 2016-04-23,Fast Car%JONAS BLUE ,41,98.0,100.0,100.0,101.0,0.0
0,14.0,0.00595238095238,0.0,0.0,1.0,0.0,101.0,2016-04-03 ~ 2016-04-09,Get Ugly%JASON DERULO,42,101.0,97.0,77.0,65.0,101.0
0,14.0,0.00595238095238,0.0,1.0,0.04,0.0,101.0,2016-04-03 ~ 2016-04-09,Get Ugly%JASON DERULO,42,101.0,97.0,77.0,65.0,101.0
1,16.0,0.262358799951,0.0,1.0,0.142857142857,0.0,101.0,2016-04-17 ~ 2016-04-23,Get Ugly%JASON DERULO,42,101.0,101.0,101.0,97.0,0.0
0,14.0,0.00595238095238,0.0,0.0,1.0,0.0,15.0,2016-04-03 ~ 2016-04-09,Hands To Myself%SELENA GOMEZ,45,15.0,13.0,15.0,11.0,17.0
0,14.0,0.00595238095238,0.0,0.0,1.0,0.0,15.0,2016-04-03 ~ 2016-04-09,Hands To Myself%SELENA GOMEZ,45,15.0,13.0,15.0,11.0,17.0
1,16.0,1.57236450268,0.0909090909091,0.0909090909091,1.0,0.636363636364,17.0,2016-04-17 ~ 2016-04-23,Hands To Myself%SELENA GOMEZ,45,17.0,15.0,15.0,13.0,0.0
0,14.0,0.00595238095238,0.0,0.0,1.0,0.0,75.0,2016-04-03 ~ 2016-04-09,Heartbeat%CARRIE UNDERWOOD,47,56.0,48.0,46.0,44.0,80.0
0,14.0,0.00595238095238,0.25,0.75,0.5,0.25,75.0,2016-04-03 ~ 2016-04-09,Heartbeat%CARRIE UNDERWOOD,47,56.0,48.0,46.0,44.0,80.0
1,16.0,0.00595238095238,0.0,1.0,0.5,0.0,80.0,2016-04-17 ~ 2016-04-23,Heartbeat%CARRIE UNDERWOOD,47,80.0,75.0,56.0,48.0,0.0
0,14.0,0.00595238095238,0.0,0.0,1.0,0.0,19.0,2016-04-03 ~ 2016-04-09,Hello%ADELE,49,16.0,12.0,11.0,8.0,19.0
0,14.0,0.00595238095238,0.284750337382,0.0661268556005,4.24,0.609986504723,19.0,2016-04-03 ~ 2016-04-09,Hello%ADELE,49,16.0,12.0,11.0,8.0,19.0
1,16.0,31.1577232461,0.420588235294,0.0911764705882,4.5,0.720588235294,19.0,2016-04-17 ~ 2016-04-23,Hello%ADELE,49,19.0,19.0,16.0,12.0,0.0
0,14.0,0.00595238095238,0.0,0.0,1.0,0.0,47.0,2016-04-03 ~ 2016-04-09,Here%ALESSIA CARA,50,39.0,32.0,33.0,26.0,101.0
0,14.0,0.00595238095238,0.2,0.0,4.0,0.0666666666667,47.0,2016-04-03 ~ 2016-04-09,Here%ALESSIA CARA,50,39.0,32.0,33.0,26.0,101.0
1,16.0,1.16005254939,0.0,0.0,1.0,0.692307692308,101.0,2016-04-17 ~ 2016-04-23,Here%ALESSIA CARA,50,101.0,47.0,39.0,32.0,0.0
0,14.0,0.00595238095238,0.0,0.0,1.0,0.0,46.0,2016-04-03 ~ 2016-04-09,Hide Away%DAYA,51,41.0,37.0,31.0,23.0,101.0
0,14.0,0.00595238095238,0.0,0.0,1.0,0.0,46.0,2016-04-03 ~ 2016-04-09,Hide Away%DAYA,51,41.0,37.0,31.0,23.0,101.0
1,16.0,0.279920378204,0.0,0.0,1.0,0.0,101.0,2016-04-17 ~ 2016-04-23,Hide Away%DAYA,51,101.0,46.0,41.0,37.0,0.0
0,14.0,0.00595238095238,0.0,0.0,1.0,0.0,101.0,2016-04-03 ~ 2016-04-09,History%ONE DIRECTION,52,101.0,101.0,100.0,98.0,101.0
0,14.0,0.00595238095238,0.189655172414,0.0172413793103,7.66666666667,0.189655172414,101.0,2016-04-03 ~ 2016-04-09,History%ONE DIRECTION,52,101.0,101.0,100.0,98.0,101.0
1,16.0,2.6825633383,0.157894736842,0.0526315789474,2.0,0.526315789474,101.0,2016-04-17 ~ 2016-04-23,History%ONE DIRECTION,52,101.0,101.0,101.0,101.0,0.0
0,14.0,0.00595238095238,0.0,0.0,1.0,0.0,101.0,2016-04-03 ~ 2016-04-09,Hollow%TORI KELLY,53,101.0,101.0,101.0,84.0,101.0
0,14.0,0.00595238095238,0.3,0.7,0.5,0.2,101.0,2016-04-03 ~ 2016-04-09,Hollow%TORI KELLY,53,101.0,101.0,101.0,84.0,101.0
1,16.0,0.368644718652,0.0,1.0,0.333333333333,2.5,101.0,2016-04-17 ~ 2016-04-23,Hollow%TORI KELLY,53,101.0,101.0,101.0,101.0,0.0
0,14.0,0.00595238095238,0.0,0.0,1.0,0.0,34.0,2016-04-03 ~ 2016-04-09,Hotline Bling%DRAKE,55,28.0,27.0,24.0,21.0,38.0
0,14.0,0.00595238095238,0.166666666667,0.0,2.0,0.166666666667,34.0,2016-04-03 ~ 2016-04-09,Hotline Bling%DRAKE,55,28.0,27.0,24.0,21.0,38.0
1,16.0,0.392905866303,0.166666666667,0.0,2.0,0.333333333333,38.0,2016-04-17 ~ 2016-04-23,Hotline Bling%DRAKE,55,38.0,34.0,28.0,27.0,0.0
0,14.0,0.00595238095238,0.0,0.0,1.0,0.0,51.0,2016-04-03 ~ 2016-04-09,Humble And Kind%TIM McGRAW,56,58.0,57.0,67.0,73.0,44.0
0,14.0,0.00595238095238,0.0,0.0,1.0,0.0,51.0,2016-04-03 ~ 2016-04-09,Humble And Kind%TIM McGRAW,56,58.0,57.0,67.0,73.0,44.0
0,16.0,0.00595238095238,1.0,0.0,6.0,0.6,44.0,2016-04-17 ~ 2016-04-23,Humble And Kind%TIM McGRAW,56,44.0,51.0,58.0,57.0,0.0
0,14.0,0.00595238095238,0.0,0.0,1.0,0.0,101.0,2016-04-03 ~ 2016-04-09,"Huntin', Fishin' & Lovin' Every Day%LUKE BRYAN",57,101.0,101.0,101.0,101.0,92.0
0,14.0,0.00595238095238,0.307692307692,0.0,5.0,0.615384615385,101.0,2016-04-03 ~ 2016-04-09,"Huntin', Fishin' & Lovin' Every Day%LUKE BRYAN",57,101.0,101.0,101.0,101.0,92.0
1,16.0,0.363330529857,0.666666666667,0.0,5.0,0.0,92.0,2016-04-17 ~ 2016-04-23,"Huntin', Fishin' & Lovin' Every Day%LUKE BRYAN",57,92.0,101.0,101.0,101.0,0.0
0,14.0,0.00595238095238,0.0,0.0,1.0,0.0,10.0,2016-04-03 ~ 2016-04-09,I Took A Pill In Ibiza%MIKE POSNER,61,11.0,10.0,14.0,15.0,9.0
0,14.0,0.00595238095238,0.0,0.0,1.0,0.0,10.0,2016-04-03 ~ 2016-04-09,I Took A Pill In Ibiza%MIKE POSNER,61,11.0,10.0,14.0,15.0,9.0
1,16.0,0.81801914392,0.0,0.0,1.0,0.125,9.0,2016-04-17 ~ 2016-04-23,I Took A Pill In Ibiza%MIKE POSNER,61,9.0,10.0,11.0,10.0,0.0
0,14.0,0.00595238095238,0.0,0.0,1.0,0.0,52.0,2016-04-03 ~ 2016-04-09,In The Night%THE WEEKND,62,47.0,36.0,28.0,19.0,101.0
0,14.0,0.00595238095238,0.0,0.0,1.0,0.0,52.0,2016-04-03 ~ 2016-04-09,In The Night%THE WEEKND,62,47.0,36.0,28.0,19.0,101.0
1,16.0,1.07796534042,0.0,0.0,1.0,0.125,101.0,2016-04-17 ~ 2016-04-23,In The Night%THE WEEKND,62,101.0,52.0,47.0,36.0,0.0
0,14.0,0.00595238095238,0.0,0.0,1.0,0.0,101.0,2016-04-03 ~ 2016-04-09,It's You%ZAYN,64,101.0,101.0,59.0,101.0,101.0
0,14.0,0.00595238095238,0.105323193916,0.0391634980989,2.67307692308,0.810646387833,101.0,2016-04-03 ~ 2016-04-09,It's You%ZAYN,64,101.0,101.0,59.0,101.0,101.0
1,16.0,119.73686907,0.139248305607,0.0221811460259,6.13513513514,1.55206407887,101.0,2016-04-17 ~ 2016-04-23,It's You%ZAYN,64,101.0,101.0,101.0,101.0,0.0
0,14.0,0.00595238095238,0.0,0.0,1.0,0.0,27.0,2016-04-03 ~ 2016-04-09,Jumpman%DRAKE & FUTURE,66,24.0,23.0,22.0,24.0,32.0
0,14.0,0.00595238095238,0.0434782608696,0.0,2.0,0.173913043478,27.0,2016-04-03 ~ 2016-04-09,Jumpman%DRAKE & FUTURE,66,24.0,23.0,22.0,24.0,32.0
1,16.0,3.19290465632,0.272727272727,0.0454545454545,3.5,1.31818181818,32.0,2016-04-17 ~ 2016-04-23,Jumpman%DRAKE & FUTURE,66,32.0,27.0,24.0,23.0,0.0
0,14.0,0.00595238095238,0.0,0.0,1.0,0.0,35.0,2016-04-03 ~ 2016-04-09,Let It Go%JAMES BAY,68,38.0,50.0,52.0,35.0,30.0
0,14.0,0.00595238095238,0.0,0.0,1.0,0.0,35.0,2016-04-03 ~ 2016-04-09,Let It Go%JAMES BAY,68,38.0,50.0,52.0,35.0,30.0
0,16.0,0.00595238095238,0.333333333333,0.0,2.0,0.666666666667,30.0,2016-04-17 ~ 2016-04-23,Let It Go%JAMES BAY,68,30.0,35.0,38.0,50.0,0.0
0,14.0,38.0952380952,1.0,0.0,3.0,0.0,95.0,2016-04-03 ~ 2016-04-09,Light It Up%MAJOR LAZER ,69,98.0,101.0,101.0,101.0,84.0
1,15.0,45.5375966268,1.0,0.0,19.0,0.0,84.0,2016-04-10 ~ 2016-04-16,Light It Up%MAJOR LAZER ,69,95.0,98.0,101.0,101.0,84.0
2,16.0,0.88177661659,1.0,0.0,10.0,0.0,84.0,2016-04-17 ~ 2016-04-23,Light It Up%MAJOR LAZER ,69,84.0,95.0,98.0,101.0,0.0
0,14.0,0.00595238095238,0.0,0.0,1.0,0.0,93.0,2016-04-03 ~ 2016-04-09,Like I Would%ZAYN,70,55.0,101.0,101.0,101.0,73.0
0,14.0,0.00595238095238,0.0,0.0,1.0,1.0,93.0,2016-04-03 ~ 2016-04-09,Like I Would%ZAYN,70,55.0,101.0,101.0,101.0,73.0
1,16.0,0.00595238095238,0.0,0.0,1.0,0.0,73.0,2016-04-17 ~ 2016-04-23,Like I Would%ZAYN,70,73.0,93.0,55.0,101.0,0.0
0,14.0,0.00595238095238,0.0,0.0,1.0,0.0,41.0,2016-04-03 ~ 2016-04-09,Like I'm Gonna Lose You%MEGHAN TRAINOR ,71,46.0,42.0,37.0,31.0,46.0
0,14.0,0.00595238095238,0.253867151956,0.00409463148317,55.9,0.175159235669,41.0,2016-04-03 ~ 2016-04-09,Like I'm Gonna Lose You%MEGHAN TRAINOR ,71,46.0,42.0,37.0,31.0,46.0
1,16.0,132.675282385,0.238840312931,0.00276115968707,74.2857142857,0.576161988035,46.0,2016-04-17 ~ 2016-04-23,Like I'm Gonna Lose You%MEGHAN TRAINOR ,71,46.0,41.0,46.0,42.0,0.0
0,14.0,0.00595238095238,0.0,0.0,1.0,0.0,67.0,2016-04-03 ~ 2016-04-09,Lost Boy%RUTH B,74,79.0,87.0,86.0,75.0,47.0
0,14.0,0.00595238095238,0.0,0.0,1.0,0.0,67.0,2016-04-03 ~ 2016-04-09,Lost Boy%RUTH B,74,79.0,87.0,86.0,75.0,47.0
0,16.0,0.00595238095238,0.0,0.0,1.0,0.0,47.0,2016-04-17 ~ 2016-04-23,Lost Boy%RUTH B,74,47.0,67.0,79.0,87.0,0.0
0,14.0,0.00595238095238,0.0,0.0,1.0,0.0,3.0,2016-04-03 ~ 2016-04-09,Love Yourself%JUSTIN BIEBER,75,2.0,2.0,2.0,2.0,5.0
0,14.0,0.00595238095238,1.0,0.0,30.0,0.241379310345,3.0,2016-04-03 ~ 2016-04-09,Love Yourself%JUSTIN BIEBER,75,2.0,2.0,2.0,2.0,5.0
1,16.0,1.19780402595,1.0,0.0,11.0,0.4,5.0,2016-04-17 ~ 2016-04-23,Love Yourself%JUSTIN BIEBER,75,5.0,3.0,2.0,2.0,0.0
0,14.0,0.00595238095238,0.0,0.0,1.0,0.0,29.0,2016-04-03 ~ 2016-04-09,Low Life%FUTURE ,76,35.0,43.0,56.0,53.0,28.0
0,14.0,0.00595238095238,0.0,0.2,0.5,0.6,29.0,2016-04-03 ~ 2016-04-09,Low Life%FUTURE ,76,35.0,43.0,56.0,53.0,28.0
1,16.0,1.08608205953,0.0,0.0,1.0,0.0,28.0,2016-04-17 ~ 2016-04-23,Low Life%FUTURE ,76,28.0,29.0,35.0,43.0,0.0
0,14.0,0.00595238095238,0.0,0.0,1.0,0.0,80.0,2016-04-03 ~ 2016-04-09,Make Me Like You%GWEN STEFANI,77,97.0,101.0,101.0,68.0,100.0
0,14.0,0.00595238095238,0.0,0.0,1.0,0.0,80.0,2016-04-03 ~ 2016-04-09,Make Me Like You%GWEN STEFANI,77,97.0,101.0,101.0,68.0,100.0
0,16.0,0.00595238095238,0.0,0.0,1.0,0.5,100.0,2016-04-17 ~ 2016-04-23,Make Me Like You%GWEN STEFANI,77,100.0,80.0,97.0,101.0,0.0
0,15.0,0.00595238095238,0.0,0.0,1.0,0.0,8.0,2016-04-10 ~ 2016-04-16,"Me, Myself & I%G-EAZY & BEBE REXHA",78,7.0,7.0,7.0,7.0,8.0
0,15.0,0.00595238095238,0.0,0.0,1.0,0.0,8.0,2016-04-10 ~ 2016-04-16,"Me, Myself & I%G-EAZY & BEBE REXHA",78,7.0,7.0,7.0,7.0,8.0
0,14.0,0.00595238095238,0.0,0.0,1.0,1.0,7.0,2016-04-03 ~ 2016-04-09,"Me, Myself & I%G-EAZY & BEBE REXHA",78,7.0,7.0,7.0,7.0,8.0
0,14.0,0.00595238095238,0.0,0.0,1.0,0.0,20.0,2016-04-03 ~ 2016-04-09,Middle%DJ SNAKE ,79,26.0,31.0,50.0,57.0,22.0
0,14.0,0.00595238095238,0.185185185185,0.0185185185185,5.5,0.777777777778,20.0,2016-04-03 ~ 2016-04-09,Middle%DJ SNAKE ,79,26.0,31.0,50.0,57.0,22.0
1,16.0,2.76055978018,0.166666666667,0.0,7.0,0.916666666667,22.0,2016-04-17 ~ 2016-04-23,Middle%DJ SNAKE ,79,22.0,20.0,26.0,31.0,0.0
0,14.0,0.00595238095238,0.0,0.0,1.0,0.0,83.0,2016-04-03 ~ 2016-04-09,Might Be%LUKE NASTY,80,84.0,82.0,78.0,80.0,78.0
0,14.0,0.00595238095238,0.0,0.0,1.0,0.0,83.0,2016-04-03 ~ 2016-04-09,Might Be%LUKE NASTY,80,84.0,82.0,78.0,80.0,78.0
0,16.0,0.00595238095238,0.0,1.0,0.5,1.0,78.0,2016-04-17 ~ 2016-04-23,Might Be%LUKE NASTY,80,78.0,83.0,84.0,82.0,0.0
0,14.0,0.00595238095238,0.0,0.0,1.0,0.0,101.0,2016-04-03 ~ 2016-04-09,Moolah%YOUNG GREATNESS,83,101.0,101.0,101.0,101.0,95.0
0,14.0,0.00595238095238,0.0769230769231,0.0,3.0,0.423076923077,101.0,2016-04-03 ~ 2016-04-09,Moolah%YOUNG GREATNESS,83,101.0,101.0,101.0,101.0,95.0
1,16.0,1.33716022286,1.0,0.0,12.0,1.81818181818,95.0,2016-04-17 ~ 2016-04-23,Moolah%YOUNG GREATNESS,83,95.0,101.0,101.0,101.0,0.0
0,14.0,0.00595238095238,0.0,0.0,1.0,0.0,4.0,2016-04-03 ~ 2016-04-09,My House%FLO RIDA,85,5.0,4.0,4.0,5.0,6.0
0,14.0,0.00595238095238,0.0,0.0,1.0,0.0,4.0,2016-04-03 ~ 2016-04-09,My House%FLO RIDA,85,5.0,4.0,4.0,5.0,6.0
1,16.0,3.103830521,0.0,0.142857142857,0.5,0.0,6.0,2016-04-17 ~ 2016-04-23,My House%FLO RIDA,85,6.0,4.0,5.0,4.0,0.0
0,14.0,0.00595238095238,0.0,0.0,1.0,0.0,64.0,2016-04-03 ~ 2016-04-09,Needed Me%RIHANNA,86,71.0,68.0,66.0,64.0,59.0
0,14.0,0.00595238095238,0.0,0.0,1.0,0.5,64.0,2016-04-03 ~ 2016-04-09,Needed Me%RIHANNA,86,71.0,68.0,66.0,64.0,59.0
1,16.0,0.135265458462,0.666666666667,0.0,3.0,0.0,59.0,2016-04-17 ~ 2016-04-23,Needed Me%RIHANNA,86,59.0,64.0,71.0,68.0,0.0
0,14.0,0.00595238095238,0.0,0.0,1.0,0.0,17.0,2016-04-03 ~ 2016-04-09,Never Forget You%ZARA LARSSON & MNEK,87,19.0,22.0,34.0,58.0,15.0
0,14.0,0.00595238095238,0.0,0.0,1.0,0.0,17.0,2016-04-03 ~ 2016-04-09,Never Forget You%ZARA LARSSON & MNEK,87,19.0,22.0,34.0,58.0,15.0
1,16.0,0.734369156495,0.0,0.0,1.0,0.0,15.0,2016-04-17 ~ 2016-04-23,Never Forget You%ZARA LARSSON & MNEK,87,15.0,17.0,19.0,22.0,0.0
0,14.0,0.00595238095238,0.0,0.0,1.0,0.0,62.0,2016-04-03 ~ 2016-04-09,New Romantics%TAYLOR SWIFT,89,69.0,73.0,101.0,101.0,61.0
0,14.0,0.00595238095238,1.0,0.0,18.0,0.0588235294118,62.0,2016-04-03 ~ 2016-04-09,New Romantics%TAYLOR SWIFT,89,69.0,73.0,101.0,101.0,61.0
1,16.0,1.62448209378,1.0,0.0,12.0,0.0909090909091,61.0,2016-04-17 ~ 2016-04-23,New Romantics%TAYLOR SWIFT,89,61.0,62.0,69.0,73.0,0.0
0,14.0,0.00595238095238,0.0,0.0,1.0,0.0,6.0,2016-04-03 ~ 2016-04-09,No%MEGHAN TRAINOR,90,12.0,11.0,101.0,101.0,3.0
0,14.0,0.00595238095238,0.24958263773,0.0442404006678,5.55555555556,2.28797996661,6.0,2016-04-03 ~ 2016-04-09,No%MEGHAN TRAINOR,90,12.0,11.0,101.0,101.0,3.0
1,16.0,25.0826855598,0.493975903614,0.0457831325301,10.3,5.63855421687,3.0,2016-04-17 ~ 2016-04-23,No%MEGHAN TRAINOR,90,3.0,6.0,12.0,11.0,0.0
0,14.0,0.00595238095238,0.0,0.0,1.0,0.0,101.0,2016-04-03 ~ 2016-04-09,Noise%KENNY CHESNEY,92,101.0,101.0,101.0,101.0,72.0
0,14.0,0.00595238095238,0.0,0.0,1.0,1.0,101.0,2016-04-03 ~ 2016-04-09,Noise%KENNY CHESNEY,92,101.0,101.0,101.0,101.0,72.0
1,16.0,0.215804049923,0.6,0.0,4.0,0.2,72.0,2016-04-17 ~ 2016-04-23,Noise%KENNY CHESNEY,92,72.0,101.0,101.0,101.0,0.0
0,14.0,0.00595238095238,0.0,0.0,1.0,0.0,14.0,2016-04-03 ~ 2016-04-09,One Call Away%CHARLIE PUTH,94,14.0,15.0,16.0,14.0,16.0
0,14.0,0.00595238095238,0.0,0.0,1.0,0.0,14.0,2016-04-03 ~ 2016-04-09,One Call Away%CHARLIE PUTH,94,14.0,15.0,16.0,14.0,16.0
1,16.0,0.948422223523,0.0,0.0,1.0,0.111111111111,16.0,2016-04-17 ~ 2016-04-23,One Call Away%CHARLIE PUTH,94,16.0,14.0,14.0,15.0,0.0
0,14.0,0.00595238095238,0.0,0.0,1.0,0.0,24.0,2016-04-03 ~ 2016-04-09,Oui%JEREMIH,95,27.0,33.0,27.0,28.0,21.0
0,14.0,0.00595238095238,0.47572815534,0.0582524271845,7.14285714286,1.11650485437,24.0,2016-04-03 ~ 2016-04-09,Oui%JEREMIH,95,27.0,33.0,27.0,28.0,21.0
1,16.0,4.12231620039,0.727272727273,0.0227272727273,16.5,0.159090909091,21.0,2016-04-17 ~ 2016-04-23,Oui%JEREMIH,95,21.0,24.0,27.0,33.0,0.0
0,14.0,0.00595238095238,0.0,0.0,1.0,0.0,101.0,2016-04-03 ~ 2016-04-09,Out Of The Woods%TAYLOR SWIFT,96,101.0,101.0,101.0,77.0,101.0
0,14.0,0.00595238095238,0.0,0.0,1.0,0.0,101.0,2016-04-03 ~ 2016-04-09,Out Of The Woods%TAYLOR SWIFT,96,101.0,101.0,101.0,77.0,101.0
1,16.0,0.282264387643,0.0,0.0,1.0,0.0,101.0,2016-04-17 ~ 2016-04-23,Out Of The Woods%TAYLOR SWIFT,96,101.0,101.0,101.0,101.0,0.0
0,14.0,0.00595238095238,0.0,0.0,1.0,0.0,21.0,2016-04-03 ~ 2016-04-09,Panda%DESIIGNER,97,33.0,72.0,94.0,96.0,14.0
0,14.0,0.00595238095238,0.295350957156,0.0802187784868,3.65168539326,0.490428441203,21.0,2016-04-03 ~ 2016-04-09,Panda%DESIIGNER,97,33.0,72.0,94.0,96.0,14.0
1,16.0,56.7804685703,0.367708333333,0.0458333333333,7.86666666667,0.927083333333,14.0,2016-04-17 ~ 2016-04-23,Panda%DESIIGNER,97,14.0,21.0,33.0,72.0,0.0
0,14.0,0.00595238095238,0.0,0.0,1.0,0.0,101.0,2016-04-03 ~ 2016-04-09,Perfect%ONE DIRECTION,98,101.0,101.0,87.0,79.0,101.0
0,14.0,0.00595238095238,1.0,0.0,22.0,0.190476190476,101.0,2016-04-03 ~ 2016-04-09,Perfect%ONE DIRECTION,98,101.0,101.0,87.0,79.0,101.0
1,16.0,0.589535740604,1.0,0.0,9.0,0.375,101.0,2016-04-17 ~ 2016-04-23,Perfect%ONE DIRECTION,98,101.0,101.0,101.0,101.0,0.0
0,15.0,0.00595238095238,0.0,0.0,1.0,0.0,4.0,2016-04-10 ~ 2016-04-16,Pillowtalk%ZAYN,100,8.0,6.0,6.0,6.0,4.0
0,15.0,0.00595238095238,0.0,0.0,1.0,0.0,4.0,2016-04-10 ~ 2016-04-16,Pillowtalk%ZAYN,100,8.0,6.0,6.0,6.0,4.0
0,14.0,0.00595238095238,0.216216216216,0.0540540540541,3.0,0.27027027027,8.0,2016-04-03 ~ 2016-04-09,Pillowtalk%ZAYN,100,6.0,6.0,6.0,6.0,4.0
0,14.0,0.00595238095238,0.0,0.0,1.0,0.0,70.0,2016-04-03 ~ 2016-04-09,Promise%KID INK ,101,75.0,85.0,83.0,82.0,67.0
0,14.0,0.00595238095238,0.137931034483,0.0344827586207,2.5,1.1724137931,70.0,2016-04-03 ~ 2016-04-09,Promise%KID INK ,101,75.0,85.0,83.0,82.0,67.0
1,16.0,1.54523017491,0.25,0.0625,2.5,0.625,67.0,2016-04-17 ~ 2016-04-23,Promise%KID INK ,101,67.0,70.0,75.0,85.0,0.0
0,15.0,0.00595238095238,0.0,0.0,1.0,0.0,54.0,2016-04-10 ~ 2016-04-16,Really Really%KEVIN GATES,102,59.0,62.0,59.0,64.0,54.0
0,15.0,0.00595238095238,0.0,0.0,1.0,0.0,54.0,2016-04-10 ~ 2016-04-16,Really Really%KEVIN GATES,102,59.0,62.0,59.0,64.0,54.0
0,14.0,0.00595238095238,1.0,0.0,2.0,0.0,59.0,2016-04-03 ~ 2016-04-09,Really Really%KEVIN GATES,102,62.0,59.0,64.0,61.0,54.0
0,14.0,0.00595238095238,0.0,0.0,1.0,0.0,96.0,2016-04-03 ~ 2016-04-09,Ride%TWENTY ONE PILOTS,103,96.0,101.0,101.0,101.0,88.0
0,14.0,0.00595238095238,0.583333333333,0.0,8.0,0.583333333333,96.0,2016-04-03 ~ 2016-04-09,Ride%TWENTY ONE PILOTS,103,96.0,101.0,101.0,101.0,88.0
1,16.0,0.182551152354,0.0,0.0,1.0,2.0,88.0,2016-04-17 ~ 2016-04-23,Ride%TWENTY ONE PILOTS,103,88.0,96.0,96.0,101.0,0.0
0,14.0,0.00595238095238,0.0,0.0,1.0,0.0,16.0,2016-04-03 ~ 2016-04-09,Roses%THE CHAINSMOKERS ,104,17.0,14.0,13.0,10.0,20.0
0,14.0,0.00595238095238,0.13,0.03,3.5,1.94,16.0,2016-04-03 ~ 2016-04-09,Roses%THE CHAINSMOKERS ,104,17.0,14.0,13.0,10.0,20.0
1,16.0,2.78368451575,0.2,0.05,2.5,0.35,20.0,2016-04-17 ~ 2016-04-23,Roses%THE CHAINSMOKERS ,104,20.0,16.0,17.0,14.0,0.0
0,14.0,0.00595238095238,0.0,0.0,1.0,0.0,48.0,2016-04-03 ~ 2016-04-09,Same Old Love%SELENA GOMEZ,105,45.0,35.0,26.0,20.0,101.0
0,14.0,0.00595238095238,1.0,0.0,4.0,0.0,48.0,2016-04-03 ~ 2016-04-09,Same Old Love%SELENA GOMEZ,105,45.0,35.0,26.0,20.0,101.0
1,16.0,0.255854447248,1.0,0.0,3.0,0.0,101.0,2016-04-17 ~ 2016-04-23,Same Old Love%SELENA GOMEZ,105,101.0,48.0,45.0,35.0,0.0
0,15.0,0.00595238095238,0.0,0.0,1.0,0.0,83.0,2016-04-10 ~ 2016-04-16,Saved%TY DOLLA $IGN ,106,89.0,90.0,95.0,90.0,83.0
0,15.0,0.00595238095238,0.0,0.0,1.0,0.0,83.0,2016-04-10 ~ 2016-04-16,Saved%TY DOLLA $IGN ,106,89.0,90.0,95.0,90.0,83.0
0,14.0,0.00595238095238,0.0,0.0,1.0,1.0,89.0,2016-04-03 ~ 2016-04-09,Saved%TY DOLLA $IGN ,106,90.0,95.0,90.0,93.0,83.0
0,14.0,0.00595238095238,0.0,0.0,1.0,0.0,38.0,2016-04-03 ~ 2016-04-09,Say It%TORY LANEZ,107,37.0,30.0,32.0,27.0,42.0
0,14.0,0.00595238095238,0.0,0.0,1.0,0.0,38.0,2016-04-03 ~ 2016-04-09,Say It%TORY LANEZ,107,37.0,30.0,32.0,27.0,42.0
0,16.0,0.00595238095238,0.0,0.0,1.0,1.0,42.0,2016-04-17 ~ 2016-04-23,Say It%TORY LANEZ,107,42.0,38.0,37.0,30.0,0.0
0,14.0,0.00595238095238,0.0,0.0,1.0,0.0,101.0,2016-04-03 ~ 2016-04-09,See You Again%WIZ KHALIFA ,108,101.0,101.0,49.0,45.0,101.0
0,14.0,0.00595238095238,0.0344827586207,0.0,2.0,4.41379310345,101.0,2016-04-03 ~ 2016-04-09,See You Again%WIZ KHALIFA ,108,101.0,101.0,49.0,45.0,101.0
1,16.0,1.2986544497,0.0,0.0,1.0,0.0,101.0,2016-04-17 ~ 2016-04-23,See You Again%WIZ KHALIFA ,108,101.0,101.0,101.0,101.0,0.0
0,15.0,0.00595238095238,0.0,0.0,1.0,0.0,55.0,2016-04-10 ~ 2016-04-16,Snapback%OLD DOMINION,109,60.0,64.0,62.0,70.0,55.0
0,15.0,0.00595238095238,0.0,0.0,1.0,0.0,55.0,2016-04-10 ~ 2016-04-16,Snapback%OLD DOMINION,109,60.0,64.0,62.0,70.0,55.0
0,14.0,0.00595238095238,1.0,0.0,5.0,3.5,60.0,2016-04-03 ~ 2016-04-09,Snapback%OLD DOMINION,109,64.0,62.0,70.0,71.0,55.0
0,15.0,0.00595238095238,0.0,0.0,1.0,0.0,101.0,2016-04-10 ~ 2016-04-16,Something New%ZENDAYA ,111,97.0,93.0,96.0,101.0,101.0
0,15.0,0.00595238095238,0.0,0.0,1.0,0.0,101.0,2016-04-10 ~ 2016-04-16,Something New%ZENDAYA ,111,97.0,93.0,96.0,101.0,101.0
0,14.0,0.00595238095238,1.0,0.0,2.0,0.0,97.0,2016-04-03 ~ 2016-04-09,Something New%ZENDAYA ,111,93.0,96.0,101.0,101.0,101.0
0,14.0,0.00595238095238,0.0,0.0,1.0,0.0,54.0,2016-04-03 ~ 2016-04-09,Somewhere On A Beach%DIERKS BENTLEY,112,59.0,61.0,68.0,78.0,43.0
0,14.0,0.00595238095238,0.0,0.0,1.0,0.0,54.0,2016-04-03 ~ 2016-04-09,Somewhere On A Beach%DIERKS BENTLEY,112,59.0,61.0,68.0,78.0,43.0
0,16.0,0.00595238095238,0.0,0.0,1.0,1.0,43.0,2016-04-17 ~ 2016-04-23,Somewhere On A Beach%DIERKS BENTLEY,112,43.0,54.0,59.0,61.0,0.0
0,14.0,0.00595238095238,0.0,0.0,1.0,0.0,11.0,2016-04-03 ~ 2016-04-09,Sorry%JUSTIN BIEBER,114,8.0,8.0,5.0,4.0,13.0
0,14.0,0.00595238095238,0.00126023944549,0.996849401386,0.00189513581807,1.13925645873,11.0,2016-04-03 ~ 2016-04-09,Sorry%JUSTIN BIEBER,114,8.0,8.0,5.0,4.0,13.0
1,16.0,14.993850947,0.00393700787402,0.992125984252,0.00790513833992,0.838582677165,13.0,2016-04-17 ~ 2016-04-23,Sorry%JUSTIN BIEBER,114,13.0,11.0,8.0,8.0,0.0
0,14.0,0.00595238095238,0.0,0.0,1.0,0.0,77.0,2016-04-03 ~ 2016-04-09,Stand By You%RACHEL PLATTEN,115,61.0,47.0,42.0,41.0,75.0
0,14.0,0.00595238095238,0.0,0.0,1.0,0.0,77.0,2016-04-03 ~ 2016-04-09,Stand By You%RACHEL PLATTEN,115,61.0,47.0,42.0,41.0,75.0
1,16.0,0.941563293977,0.0,0.0,1.0,0.0,75.0,2016-04-17 ~ 2016-04-23,Stand By You%RACHEL PLATTEN,115,75.0,77.0,61.0,47.0,0.0
0,14.0,0.00595238095238,0.0,0.0,1.0,0.0,22.0,2016-04-03 ~ 2016-04-09,Stitches%SHAWN MENDES,117,20.0,17.0,17.0,16.0,23.0
0,14.0,0.00595238095238,0.294117647059,0.0588235294118,3.66666666667,0.5,22.0,2016-04-03 ~ 2016-04-09,Stitches%SHAWN MENDES,117,20.0,17.0,17.0,16.0,23.0
1,16.0,2.33926573048,0.833333333333,0.0185185185185,23.0,1.81481481481,23.0,2016-04-17 ~ 2016-04-23,Stitches%SHAWN MENDES,117,23.0,22.0,20.0,17.0,0.0
0,14.0,0.00595238095238,0.0,0.0,1.0,0.0,5.0,2016-04-03 ~ 2016-04-09,Stressed Out%TWENTY ONE PILOTS,118,4.0,3.0,3.0,3.0,7.0
0,14.0,0.00595238095238,0.0,0.05,0.5,0.4,5.0,2016-04-03 ~ 2016-04-09,Stressed Out%TWENTY ONE PILOTS,118,4.0,3.0,3.0,3.0,7.0
1,16.0,0.728966285309,0.0,0.0,1.0,0.0,7.0,2016-04-17 ~ 2016-04-23,Stressed Out%TWENTY ONE PILOTS,118,7.0,5.0,4.0,3.0,0.0
0,14.0,0.00595238095238,0.0,0.0,1.0,0.0,63.0,2016-04-03 ~ 2016-04-09,Sugar%ROBIN SCHULZ ,119,51.0,44.0,45.0,47.0,68.0
0,14.0,0.00595238095238,0.0357142857143,0.0,2.0,0.321428571429,63.0,2016-04-03 ~ 2016-04-09,Sugar%ROBIN SCHULZ ,119,51.0,44.0,45.0,47.0,68.0
1,16.0,3.14368240747,0.0,0.0,1.0,1.15384615385,68.0,2016-04-17 ~ 2016-04-23,Sugar%ROBIN SCHULZ ,119,68.0,63.0,51.0,44.0,0.0
0,14.0,0.00595238095238,0.0,0.0,1.0,0.0,33.0,2016-04-03 ~ 2016-04-09,Summer Sixteen%DRAKE,120,31.0,29.0,30.0,32.0,36.0
0,14.0,0.00595238095238,0.0,0.0,1.0,0.0,33.0,2016-04-03 ~ 2016-04-09,Summer Sixteen%DRAKE,120,31.0,29.0,30.0,32.0,36.0
0,16.0,0.00595238095238,0.0,1.0,0.5,0.0,36.0,2016-04-17 ~ 2016-04-23,Summer Sixteen%DRAKE,120,36.0,33.0,31.0,29.0,0.0
0,14.0,0.00595238095238,0.0,0.0,1.0,0.0,74.0,2016-04-03 ~ 2016-04-09,T-Shirt%THOMAS RHETT,121,80.0,84.0,92.0,101.0,63.0
0,14.0,0.00595238095238,0.591908531223,0.0184696569921,30.6363636364,7.33069481091,74.0,2016-04-03 ~ 2016-04-09,T-Shirt%THOMAS RHETT,121,80.0,84.0,92.0,101.0,63.0
1,16.0,127.378924998,0.0497215592681,0.00238663484487,18.0,8.97374701671,63.0,2016-04-17 ~ 2016-04-23,T-Shirt%THOMAS RHETT,121,63.0,74.0,80.0,84.0,0.0
0,14.0,0.00595238095238,0.0,0.0,1.0,0.0,42.0,2016-04-03 ~ 2016-04-09,Team%IGGY AZALEA,122,101.0,101.0,101.0,101.0,71.0
0,14.0,0.00595238095238,0.234042553191,0.0141843971631,14.7777777778,1.42730496454,42.0,2016-04-03 ~ 2016-04-09,Team%IGGY AZALEA,122,101.0,101.0,101.0,101.0,71.0
1,16.0,8.07591021193,0.142857142857,0.0186335403727,6.0,1.13043478261,71.0,2016-04-17 ~ 2016-04-23,Team%IGGY AZALEA,122,71.0,42.0,101.0,101.0,0.0
0,14.0,0.00595238095238,0.0,0.0,1.0,0.0,90.0,2016-04-03 ~ 2016-04-09,That Don't Sound Like You%LEE BRICE,123,92.0,93.0,88.0,92.0,64.0
0,14.0,0.00595238095238,0.973977695167,0.0223048327138,37.5714285714,0.234200743494,90.0,2016-04-03 ~ 2016-04-09,That Don't Sound Like You%LEE BRICE,123,92.0,93.0,88.0,92.0,64.0
1,16.0,9.311569318,0.994350282486,0.00564971751412,88.5,0.158192090395,64.0,2016-04-17 ~ 2016-04-23,That Don't Sound Like You%LEE BRICE,123,64.0,90.0,92.0,93.0,0.0
0,14.0,0.00595238095238,0.0,0.0,1.0,0.0,28.0,2016-04-03 ~ 2016-04-09,The Hills%THE WEEKND,124,25.0,24.0,21.0,22.0,33.0
0,14.0,0.00595238095238,0.0,0.0,1.0,0.0,28.0,2016-04-03 ~ 2016-04-09,The Hills%THE WEEKND,124,25.0,24.0,21.0,22.0,33.0
1,16.0,0.256355479598,0.0,0.0,1.0,0.0,33.0,2016-04-17 ~ 2016-04-23,The Hills%THE WEEKND,124,33.0,28.0,25.0,24.0,0.0
0,14.0,0.00595238095238,0.0,0.0,1.0,0.0,69.0,2016-04-03 ~ 2016-04-09,The Sound Of Silence%DISTURBED,125,73.0,76.0,81.0,88.0,51.0
0,14.0,0.00595238095238,1.0,0.0,5.0,0.0,69.0,2016-04-03 ~ 2016-04-09,The Sound Of Silence%DISTURBED,125,73.0,76.0,81.0,88.0,51.0
1,16.0,0.49678665773,1.0,0.0,8.0,0.0,51.0,2016-04-17 ~ 2016-04-23,The Sound Of Silence%DISTURBED,125,51.0,69.0,73.0,76.0,0.0
0,14.0,0.00595238095238,0.0,0.0,1.0,0.0,86.0,2016-04-03 ~ 2016-04-09,Try Everything%SHAKIRA,128,63.0,66.0,101.0,101.0,65.0
0,14.0,0.00595238095238,0.0,0.0,1.0,0.0,86.0,2016-04-03 ~ 2016-04-09,Try Everything%SHAKIRA,128,63.0,66.0,101.0,101.0,65.0
1,16.0,0.00595238095238,0.0,0.0,1.0,0.0,65.0,2016-04-17 ~ 2016-04-23,Try Everything%SHAKIRA,128,65.0,86.0,63.0,66.0,0.0
0,14.0,0.00595238095238,0.0,0.0,1.0,0.0,101.0,2016-04-03 ~ 2016-04-09,Uber Everywhere%MADEINTYO,129,101.0,101.0,101.0,101.0,99.0
0,14.0,0.00595238095238,0.0833333333333,0.0,2.0,0.0833333333333,101.0,2016-04-03 ~ 2016-04-09,Uber Everywhere%MADEINTYO,129,101.0,101.0,101.0,101.0,99.0
1,16.0,0.00595238095238,0.0,0.0,1.0,0.0,99.0,2016-04-17 ~ 2016-04-23,Uber Everywhere%MADEINTYO,129,99.0,101.0,101.0,101.0,0.0
0,14.0,0.00595238095238,0.0,0.0,1.0,0.0,101.0,2016-04-03 ~ 2016-04-09,Uptown Funk!%MARK RONSON ,132,101.0,101.0,101.0,101.0,101.0
0,14.0,0.00595238095238,0.0,0.0,1.0,0.0,101.0,2016-04-03 ~ 2016-04-09,Uptown Funk!%MARK RONSON ,132,101.0,101.0,101.0,101.0,101.0
1,16.0,0.00595238095238,0.0,0.0,1.0,0.0,101.0,2016-04-17 ~ 2016-04-23,Uptown Funk!%MARK RONSON ,132,101.0,101.0,101.0,101.0,0.0
0,14.0,0.00595238095238,0.0,0.0,1.0,0.0,101.0,2016-04-03 ~ 2016-04-09,Victorious%PANIC! AT THE DISCO,133,101.0,101.0,101.0,101.0,94.0
0,14.0,0.00595238095238,0.5,0.0,3.0,1.0,101.0,2016-04-03 ~ 2016-04-09,Victorious%PANIC! AT THE DISCO,133,101.0,101.0,101.0,101.0,94.0
1,16.0,0.00595238095238,1.0,0.0,2.0,0.0,94.0,2016-04-17 ~ 2016-04-23,Victorious%PANIC! AT THE DISCO,133,94.0,101.0,101.0,101.0,0.0
0,14.0,0.00595238095238,0.0,0.0,1.0,0.0,101.0,2016-04-03 ~ 2016-04-09,Walking On A Dream%EMPIRE OF THE SUN,134,101.0,101.0,99.0,90.0,101.0
0,14.0,0.00595238095238,0.0,0.0,1.0,0.0,101.0,2016-04-03 ~ 2016-04-09,Walking On A Dream%EMPIRE OF THE SUN,134,101.0,101.0,99.0,90.0,101.0
0,16.0,0.00595238095238,0.0,0.0,1.0,0.25,101.0,2016-04-17 ~ 2016-04-23,Walking On A Dream%EMPIRE OF THE SUN,134,101.0,101.0,101.0,101.0,0.0
0,14.0,0.00595238095238,0.0,0.0,1.0,0.0,37.0,2016-04-03 ~ 2016-04-09,What Do You Mean?%JUSTIN BIEBER,137,36.0,34.0,29.0,25.0,41.0
0,14.0,0.00595238095238,0.0,1.0,0.166666666667,0.0,37.0,2016-04-03 ~ 2016-04-09,What Do You Mean?%JUSTIN BIEBER,137,36.0,34.0,29.0,25.0,41.0
1,16.0,0.881920627144,0.0,0.9,0.1,0.0,41.0,2016-04-17 ~ 2016-04-23,What Do You Mean?%JUSTIN BIEBER,137,41.0,37.0,36.0,34.0,0.0
0,14.0,0.00595238095238,0.0,0.0,1.0,0.0,50.0,2016-04-03 ~ 2016-04-09,When We Were Young%ADELE,138,34.0,28.0,23.0,18.0,58.0
0,14.0,0.00595238095238,1.0,0.0,20.0,0.0,50.0,2016-04-03 ~ 2016-04-09,When We Were Young%ADELE,138,34.0,28.0,23.0,18.0,58.0
1,16.0,0.552198055036,1.0,0.0,6.0,0.0,58.0,2016-04-17 ~ 2016-04-23,When We Were Young%ADELE,138,58.0,50.0,34.0,28.0,0.0
0,15.0,0.00595238095238,0.0,0.0,1.0,0.0,49.0,2016-04-10 ~ 2016-04-16,White Iverson%POST MALONE,139,45.0,49.0,46.0,44.0,49.0
0,15.0,0.00595238095238,0.0,0.0,1.0,0.0,49.0,2016-04-10 ~ 2016-04-16,White Iverson%POST MALONE,139,45.0,49.0,46.0,44.0,49.0
0,14.0,0.00595238095238,0.0,0.0,1.0,0.0,45.0,2016-04-03 ~ 2016-04-09,White Iverson%POST MALONE,139,49.0,46.0,44.0,42.0,49.0
0,14.0,0.00595238095238,0.0,0.0,1.0,0.0,58.0,2016-04-03 ~ 2016-04-09,Wild Things%ALESSIA CARA,140,66.0,69.0,80.0,91.0,60.0
0,14.0,0.00595238095238,1.0,0.0,3.0,0.0,58.0,2016-04-03 ~ 2016-04-09,Wild Things%ALESSIA CARA,140,66.0,69.0,80.0,91.0,60.0
1,16.0,0.00595238095238,1.0,0.0,2.0,1.0,60.0,2016-04-17 ~ 2016-04-23,Wild Things%ALESSIA CARA,140,60.0,58.0,66.0,69.0,0.0
0,14.0,0.00595238095238,0.0,0.0,1.0,0.0,101.0,2016-04-03 ~ 2016-04-09,Wildest Dreams%TAYLOR SWIFT,141,101.0,101.0,101.0,46.0,101.0
0,14.0,0.00595238095238,0.0,0.0,1.0,0.0,101.0,2016-04-03 ~ 2016-04-09,Wildest Dreams%TAYLOR SWIFT,141,101.0,101.0,101.0,46.0,101.0
0,16.0,0.00595238095238,0.0,0.0,1.0,0.0,101.0,2016-04-17 ~ 2016-04-23,Wildest Dreams%TAYLOR SWIFT,141,101.0,101.0,101.0,101.0,0.0
0,14.0,0.00595238095238,0.0,0.0,1.0,0.0,12.0,2016-04-03 ~ 2016-04-09,Work From Home%FIFTH HARMONY ,143,13.0,16.0,12.0,101.0,10.0
0,14.0,0.00595238095238,0.0689655172414,0.0,3.0,0.48275862069,12.0,2016-04-03 ~ 2016-04-09,Work From Home%FIFTH HARMONY ,143,13.0,16.0,12.0,101.0,10.0
1,16.0,0.693750985442,0.0,0.0,1.0,0.727272727273,10.0,2016-04-17 ~ 2016-04-23,Work From Home%FIFTH HARMONY ,143,10.0,12.0,13.0,16.0,0.0
0,15.0,0.00595238095238,0.0,0.0,1.0,0.0,1.0,2016-04-10 ~ 2016-04-16,Work%RIHANNA ,144,1.0,1.0,1.0,1.0,1.0
0,15.0,0.00595238095238,0.0,0.0,1.0,0.0,1.0,2016-04-10 ~ 2016-04-16,Work%RIHANNA ,144,1.0,1.0,1.0,1.0,1.0
0,14.0,0.00595238095238,0.588401390096,0.0406168549088,14.414893617,2.03887923545,1.0,2016-04-03 ~ 2016-04-09,Work%RIHANNA ,144,1.0,1.0,1.0,1.0,1.0
0,14.0,0.00595238095238,0.0,0.0,1.0,0.0,36.0,2016-04-03 ~ 2016-04-09,Youth%TROYE SIVAN,146,23.0,58.0,58.0,67.0,34.0
0,14.0,0.00595238095238,0.651428571429,0.0,115.0,0.571428571429,36.0,2016-04-03 ~ 2016-04-09,Youth%TROYE SIVAN,146,23.0,58.0,58.0,67.0,34.0
1,16.0,137.142006254,0.0114006514658,0.0169381107492,0.679245283019,11.8553745928,34.0,2016-04-17 ~ 2016-04-23,Youth%TROYE SIVAN,146,34.0,36.0,23.0,58.0,0.0
