,week,twitter_per_hour,pos_rate,neg_rate,ratio_pos_neg,favorite_rate,current_rank,date_period,Song_ID,Song_IDN,past_rank_1,past_rank_2,past_rank_3,past_rank_4,past_rank_5,past_rank_6,past_rank_7,past_rank_8,past_rank_9,next_rank
0,1371,1.05401844532,0.888888888889,0.0,17.0,0.277777777778,101,2016-04-03 ~ 2016-04-09,$ave Dat Money%LIL DICKY ,1,101,89,95,95,89,82,80,73,77,101
1,1372,15.8152706677,0.911845730028,0.0110192837466,66.4,0.31129476584,101,2016-04-10 ~ 2016-04-16,$ave Dat Money%LIL DICKY ,1,101,101,89,95,95,89,82,80,73,101
2,1373,16937.704918,0.94425087108,0.0,272.0,0.243902439024,101,2016-04-17 ~ 2016-04-23,$ave Dat Money%LIL DICKY ,1,101,101,101,89,95,95,89,82,80,101
0,1371,7.78734338932,0.248322147651,0.0671140939597,3.45454545455,0.355704697987,18,2016-04-03 ~ 2016-04-09,2 Phones%KEVIN GATES,2,21,25,29,40,44,46,67,62,71,18
1,1372,102.097155848,0.2,0.0613496932515,3.24503311258,0.575051124744,18,2016-04-10 ~ 2016-04-16,2 Phones%KEVIN GATES,2,18,21,25,29,40,44,46,67,62,18
2,1373,3816.25441696,0.186666666667,0.0492592592593,3.76865671642,0.864444444444,18,2016-04-17 ~ 2016-04-23,2 Phones%KEVIN GATES,2,18,18,21,25,29,40,44,46,67,17
0,1371,10.9030689125,0.330049261084,0.0246305418719,11.3333333333,0.290640394089,40,2016-04-03 ~ 2016-04-09,679%FETTY WAP ,3,39,35,30,34,31,31,28,20,18,39
1,1372,101.867382049,0.23660346249,0.0193734542457,11.9791666667,0.360263808739,39,2016-04-10 ~ 2016-04-16,679%FETTY WAP ,3,40,39,35,30,34,31,31,28,20,40
2,1373,1771.76470588,0.219621513944,0.0199203187251,10.7804878049,0.227091633466,40,2016-04-17 ~ 2016-04-23,679%FETTY WAP ,3,39,40,39,35,30,34,31,31,28,101
0,1372,0.00595238095238,0.0,0.0,1.0,0.0,2,2016-04-10 ~ 2016-04-16,7 Years%LUKAS GRAHAM,4,3,5,9,12,20,35,43,57,96,2
0,1371,0.00595238095238,0.0,0.0,1.0,0.0,3,2016-04-03 ~ 2016-04-09,7 Years%LUKAS GRAHAM,4,5,9,12,20,35,43,57,96,101,2
0,1373,1048.19782428,0.250581438968,0.0163553154775,15.2557077626,3.36214269638,2,2016-04-17 ~ 2016-04-23,7 Years%LUKAS GRAHAM,4,2,3,5,9,12,20,35,43,57,2
0,1371,0.00595238095238,0.0,0.0,1.0,0.0,76,2016-04-03 ~ 2016-04-09,Acquainted%THE WEEKND,5,77,75,76,82,95,98,99,100,101,73
0,1372,0.175167564806,1.0,0.0,5.0,0.0,73,2016-04-10 ~ 2016-04-16,Acquainted%THE WEEKND,5,76,77,75,76,82,95,98,99,100,70
1,1373,0.0119047619048,1.0,0.0,3.0,0.0,70,2016-04-17 ~ 2016-04-23,Acquainted%THE WEEKND,5,73,76,77,75,76,82,95,98,99,77
0,1371,0.00595238095238,0.0,0.0,1.0,0.0,65,2016-04-03 ~ 2016-04-09,Adventure Of A Lifetime%COLDPLAY,6,53,41,33,28,13,36,45,47,50,76
0,1372,2.02528480568,0.0,0.0,1.0,0.25,76,2016-04-10 ~ 2016-04-16,Adventure Of A Lifetime%COLDPLAY,6,65,53,41,33,28,13,36,45,47,101
1,1373,19.4957983193,0.0,0.0,1.0,0.103448275862,101,2016-04-17 ~ 2016-04-23,Adventure Of A Lifetime%COLDPLAY,6,76,65,53,41,33,28,13,36,45,101
0,1371,0.00595238095238,0.0,0.0,1.0,0.0,101,2016-04-03 ~ 2016-04-09,All I Ask%ADELE,7,101,101,101,77,101,101,101,101,101,101
0,1372,2.56110154905,0.0,0.0645161290323,0.333333333333,0.0,101,2016-04-10 ~ 2016-04-16,All I Ask%ADELE,7,101,101,101,101,77,101,101,101,101,101
1,1373,2.81616688396,0.0,0.0,1.0,0.0,101,2016-04-17 ~ 2016-04-23,All I Ask%ADELE,7,101,101,101,101,101,77,101,101,101,101
0,1371,0.00595238095238,0.0,0.0,1.0,0.0,101,2016-04-03 ~ 2016-04-09,American Country Love Song%JAKE OWEN,8,83,101,101,101,101,101,101,101,101,101
1,1372,0.00595238095238,0.0,0.0,1.0,0.0,101,2016-04-10 ~ 2016-04-16,American Country Love Song%JAKE OWEN,8,101,83,101,101,101,101,101,101,101,101
2,1373,0.00595238095238,0.0,0.0,1.0,0.0,101,2016-04-17 ~ 2016-04-23,American Country Love Song%JAKE OWEN,8,101,101,83,101,101,101,101,101,101,101
0,1372,0.00595238095238,0.0,0.0,1.0,0.0,101,2016-04-10 ~ 2016-04-16,Antidote%TRAVI$ SCOTT,9,101,101,47,40,36,32,28,23,19,101
0,1371,0.00595238095238,0.0,0.0,1.0,0.0,101,2016-04-03 ~ 2016-04-09,Antidote%TRAVI$ SCOTT,9,101,47,40,36,32,28,23,19,17,101
0,1373,0.0178571428571,1.0,0.0,4.0,0.0,101,2016-04-17 ~ 2016-04-23,Antidote%TRAVI$ SCOTT,9,101,101,101,47,40,36,32,28,23,101
0,1371,0.00595238095238,0.0,0.0,1.0,0.0,29,2016-04-03 ~ 2016-04-09,Back To Sleep%CHRIS BROWN,10,25,20,36,50,50,51,48,49,51,30
0,1372,1.0848274823,0.833333333333,0.0,6.0,0.0,30,2016-04-10 ~ 2016-04-16,Back To Sleep%CHRIS BROWN,10,29,25,20,36,50,50,51,48,49,37
1,1373,2.50173731758,0.0,0.0,1.0,0.0,37,2016-04-17 ~ 2016-04-23,Back To Sleep%CHRIS BROWN,10,30,29,25,20,36,50,50,51,48,44
0,1371,0.00595238095238,0.0,0.0,1.0,0.0,89,2016-04-03 ~ 2016-04-09,Backroad Song%GRANGER SMITH,11,65,71,60,57,49,55,55,57,65,94
0,1372,0.275345137481,0.75,0.0,4.0,1.25,94,2016-04-10 ~ 2016-04-16,Backroad Song%GRANGER SMITH,11,89,65,71,60,57,49,55,55,57,101
1,1373,0.251032895769,0.25,0.5,0.666666666667,0.0,101,2016-04-17 ~ 2016-04-23,Backroad Song%GRANGER SMITH,11,94,89,65,71,60,57,49,55,55,101
0,1371,0.00595238095238,0.0,0.0,1.0,0.0,101,2016-04-03 ~ 2016-04-09,Bake Sale%WIZ KHALIFA ,12,101,101,101,101,74,101,56,101,101,101
1,1372,0.00595238095238,0.0,0.0,1.0,0.0,101,2016-04-10 ~ 2016-04-16,Bake Sale%WIZ KHALIFA ,12,101,101,101,101,101,74,101,56,101,101
2,1373,0.00595238095238,0.0,0.0,1.0,0.0,101,2016-04-17 ~ 2016-04-23,Bake Sale%WIZ KHALIFA ,12,101,101,101,101,101,101,74,101,56,101
0,1371,0.00595238095238,0.0,0.0,1.0,0.0,101,2016-04-03 ~ 2016-04-09,Bang My Head%DAVID GUETTA ,13,101,101,101,93,81,76,79,84,98,101
0,1372,1.84030986414,0.0,0.0,1.0,0.269230769231,101,2016-04-10 ~ 2016-04-16,Bang My Head%DAVID GUETTA ,13,101,101,101,101,93,81,76,79,84,101
1,1373,1.01348973607,0.0,0.0,1.0,0.166666666667,101,2016-04-17 ~ 2016-04-23,Bang My Head%DAVID GUETTA ,13,101,101,101,101,101,93,81,76,79,101
0,1371,0.00595238095238,0.0,0.0,1.0,0.0,101,2016-04-03 ~ 2016-04-09,Be Alright%ARIANA GRANDE,14,101,101,101,101,101,101,101,101,101,43
0,1372,0.494845360825,0.0,0.0,1.0,0.0,43,2016-04-10 ~ 2016-04-16,Be Alright%ARIANA GRANDE,14,101,101,101,101,101,101,101,101,101,101
1,1373,0.261770587166,0.25,0.0,2.0,0.0,101,2016-04-17 ~ 2016-04-23,Be Alright%ARIANA GRANDE,14,43,101,101,101,101,101,101,101,101,101
0,1371,0.00595238095238,0.0,0.0,1.0,0.0,52,2016-04-03 ~ 2016-04-09,Beautiful Drug%ZAC BROWN BAND,15,55,57,59,64,60,63,63,64,69,72
1,1372,0.00595238095238,0.0,0.0,1.0,0.0,72,2016-04-10 ~ 2016-04-16,Beautiful Drug%ZAC BROWN BAND,15,52,55,57,59,64,60,63,63,64,76
2,1373,0.00595238095238,0.0,0.0,1.0,0.0,76,2016-04-17 ~ 2016-04-23,Beautiful Drug%ZAC BROWN BAND,15,72,52,55,57,59,64,60,63,63,94
0,1371,0.00595238095238,0.0,0.0,1.0,0.0,57,2016-04-03 ~ 2016-04-09,Best Friend%YOUNG THUG,16,56,51,48,51,53,52,49,45,52,65
1,1372,0.00595238095238,0.0,0.0,1.0,0.0,65,2016-04-10 ~ 2016-04-16,Best Friend%YOUNG THUG,16,57,56,51,48,51,53,52,49,45,66
2,1373,0.00595238095238,0.0,0.0,1.0,0.0,66,2016-04-17 ~ 2016-04-23,Best Friend%YOUNG THUG,16,65,57,56,51,48,51,53,52,49,76
0,1371,0.63464081093,0.0,0.0,1.0,0.0,101,2016-04-03 ~ 2016-04-09,Bet You Can't Do It Like Me%DLOW,17,101,101,101,97,91,90,78,53,58,101
1,1372,4.80074116706,0.431578947368,0.0105263157895,21.0,0.0421052631579,101,2016-04-10 ~ 2016-04-16,Bet You Can't Do It Like Me%DLOW,17,101,101,101,101,97,91,90,78,53,101
2,1373,36.6510381782,0.315789473684,0.0,25.0,0.131578947368,101,2016-04-17 ~ 2016-04-23,Bet You Can't Do It Like Me%DLOW,17,101,101,101,101,101,97,91,90,78,101
0,1371,0.00595238095238,0.0,0.0,1.0,0.0,101,2016-04-03 ~ 2016-04-09,Body%DREEZY ,18,101,101,101,101,101,101,101,101,101,98
0,1372,1.21167029813,0.315789473684,0.157894736842,1.75,0.368421052632,98,2016-04-10 ~ 2016-04-16,Body%DREEZY ,18,101,101,101,101,101,101,101,101,101,89
1,1373,0.762913907285,0.0,0.25,0.5,0.0,89,2016-04-17 ~ 2016-04-23,Body%DREEZY ,18,98,101,101,101,101,101,101,101,101,88
0,1371,0.00595238095238,0.0,0.0,1.0,0.0,99,2016-04-03 ~ 2016-04-09,Break On Me.%KEITH URBAN,19,81,65,54,66,61,62,61,65,72,101
1,1372,0.00595238095238,0.0,0.0,1.0,0.0,101,2016-04-10 ~ 2016-04-16,Break On Me.%KEITH URBAN,19,99,81,65,54,66,61,62,61,65,101
2,1373,0.00595238095238,0.0,0.0,1.0,0.0,101,2016-04-17 ~ 2016-04-23,Break On Me.%KEITH URBAN,19,101,99,81,65,54,66,61,62,61,101
0,1371,0.00595238095238,0.0,0.0,1.0,0.0,101,2016-04-03 ~ 2016-04-09,Break Up In A Small Town%SAM HUNT,20,101,101,101,47,40,33,30,33,33,101
1,1372,0.00595238095238,0.0,0.0,1.0,0.0,101,2016-04-10 ~ 2016-04-16,Break Up In A Small Town%SAM HUNT,20,101,101,101,101,47,40,33,30,33,101
2,1373,0.00595238095238,0.0,0.0,1.0,0.0,101,2016-04-17 ~ 2016-04-23,Break Up In A Small Town%SAM HUNT,20,101,101,101,101,101,47,40,33,30,101
0,1371,0.00595238095238,0.0,0.0,1.0,0.0,9,2016-04-03 ~ 2016-04-09,Cake By The Ocean%DNCE,21,9,10,9,10,11,14,18,22,22,9
0,1372,3.85077426893,0.4,0.0615384615385,5.4,0.323076923077,9,2016-04-10 ~ 2016-04-16,Cake By The Ocean%DNCE,21,9,9,10,9,10,11,14,18,22,11
1,1373,1.40610020239,0.030303030303,0.0,2.0,0.0909090909091,11,2016-04-17 ~ 2016-04-23,Cake By The Ocean%DNCE,21,9,9,9,10,9,10,11,14,18,12
0,1371,0.00595238095238,0.0,0.0,1.0,0.0,42,2016-04-03 ~ 2016-04-09,Came Here To Forget%BLAKE SHELTON,22,54,101,101,101,101,101,101,101,101,61
0,1372,0.0119047619048,0.0,0.0,1.0,0.0,61,2016-04-10 ~ 2016-04-16,Came Here To Forget%BLAKE SHELTON,22,42,54,101,101,101,101,101,101,101,48
1,1373,13.4663341646,0.0,0.0,1.0,0.666666666667,48,2016-04-17 ~ 2016-04-23,Came Here To Forget%BLAKE SHELTON,22,61,42,54,101,101,101,101,101,101,40
0,1372,0.00595238095238,0.0,0.0,1.0,0.0,101,2016-04-10 ~ 2016-04-16,Can't Feel My Face%THE WEEKND,23,50,45,39,38,32,42,42,35,32,101
0,1371,0.00595238095238,0.0,0.0,1.0,0.0,50,2016-04-03 ~ 2016-04-09,Can't Feel My Face%THE WEEKND,23,45,39,38,32,42,42,35,32,27,101
0,1373,324.092135298,0.149442950442,0.0165194006915,8.86363636364,0.339608144449,101,2016-04-17 ~ 2016-04-23,Can't Feel My Face%THE WEEKND,23,101,50,45,39,38,32,42,42,35,101
0,1371,0.00595238095238,0.0,0.0,1.0,0.0,87,2016-04-03 ~ 2016-04-09,Cheap Thrills%SIA ,24,92,91,97,81,101,101,101,101,101,71
0,1372,2.08725902305,1.0,0.0,29.0,0.321428571429,71,2016-04-10 ~ 2016-04-16,Cheap Thrills%SIA ,24,87,92,91,97,81,101,101,101,101,39
1,1373,1.55613810028,1.0,0.0,32.0,0.258064516129,39,2016-04-17 ~ 2016-04-23,Cheap Thrills%SIA ,24,71,87,92,91,97,81,101,101,101,55
0,1371,0.00595238095238,0.0,0.0,1.0,0.0,77,2016-04-03 ~ 2016-04-09,Company%JUSTIN BIEBER,25,89,101,101,101,101,101,101,101,101,66
0,1372,8.40441770674,0.406593406593,0.0549450549451,6.81818181818,0.461538461538,66,2016-04-10 ~ 2016-04-16,Company%JUSTIN BIEBER,25,77,89,101,101,101,101,101,101,101,57
1,1373,18.5716023847,0.290094339623,0.063679245283,4.42857142857,0.936320754717,57,2016-04-17 ~ 2016-04-23,Company%JUSTIN BIEBER,25,66,77,89,101,101,101,101,101,101,57
0,1371,0.00595238095238,0.0,0.0,1.0,0.0,60,2016-04-03 ~ 2016-04-09,Confession%FLORIDA GEORGIA LINE,26,60,62,62,69,68,69,69,78,84,55
0,1372,313.613101331,0.0365535248042,0.0130548302872,2.63636363636,0.0744125326371,55,2016-04-10 ~ 2016-04-16,Confession%FLORIDA GEORGIA LINE,26,60,60,62,62,69,68,69,69,78,56
1,1373,1513.51485149,0.091404180159,0.036797173977,2.4780876494,2.08007065057,56,2016-04-17 ~ 2016-04-23,Confession%FLORIDA GEORGIA LINE,26,55,60,60,62,62,69,68,69,69,53
0,1373,0.00595238095238,0.0,0.0,1.0,0.0,101,2016-04-17 ~ 2016-04-23,Confident%DEMI LOVATO,27,101,101,101,101,101,75,70,67,47,101
0,1371,0.00595238095238,0.0,0.0,1.0,0.0,101,2016-04-03 ~ 2016-04-09,Confident%DEMI LOVATO,27,101,101,101,75,70,67,47,40,30,101
0,1372,0.210056452672,0.5,0.0,3.0,0.25,101,2016-04-10 ~ 2016-04-16,Confident%DEMI LOVATO,27,101,101,101,101,75,70,67,47,40,101
0,1371,0.00595238095238,0.0,0.0,1.0,0.0,74,2016-04-03 ~ 2016-04-09,Cut It%O.T. GENASIS ,28,80,85,94,101,101,101,101,101,101,68
0,1372,9.52801058668,0.984848484848,0.0,66.0,0.5,68,2016-04-10 ~ 2016-04-16,Cut It%O.T. GENASIS ,28,74,80,85,94,101,101,101,101,101,62
1,1373,7.68235511569,0.984251968504,0.0157480314961,42.0,0.157480314961,62,2016-04-17 ~ 2016-04-23,Cut It%O.T. GENASIS ,28,68,74,80,85,94,101,101,101,101,56
0,1371,0.00595238095238,0.0,0.0,1.0,0.0,10,2016-04-03 ~ 2016-04-09,Dangerous Woman%ARIANA GRANDE,29,101,101,101,101,101,101,101,101,101,13
1,1372,0.00595238095238,0.0,0.0,1.0,0.0,13,2016-04-10 ~ 2016-04-16,Dangerous Woman%ARIANA GRANDE,29,10,101,101,101,101,101,101,101,101,12
2,1373,0.00595238095238,0.0,0.0,1.0,0.0,12,2016-04-17 ~ 2016-04-23,Dangerous Woman%ARIANA GRANDE,29,13,10,101,101,101,101,101,101,101,13
0,1371,0.00595238095238,0.0,1.0,0.5,1.0,101,2016-04-03 ~ 2016-04-09,Dessert%DAWIN,30,101,101,101,100,98,93,90,68,79,101
1,1372,1.81538757084,0.0,1.0,0.0454545454545,0.238095238095,101,2016-04-10 ~ 2016-04-16,Dessert%DAWIN,30,101,101,101,101,100,98,93,90,68,101
2,1373,22.7811130943,0.0,1.0,0.025,0.0,101,2016-04-17 ~ 2016-04-23,Dessert%DAWIN,30,101,101,101,101,101,100,98,93,90,101
0,1371,0.00595238095238,0.0,0.0,1.0,0.0,101,2016-04-03 ~ 2016-04-09,Dibs%KELSEA BALLERINI,31,101,101,69,60,58,66,66,71,75,101
0,1372,2.85313051821,0.298245614035,0.0350877192982,6.0,0.157894736842,101,2016-04-10 ~ 2016-04-16,Dibs%KELSEA BALLERINI,31,101,101,101,69,60,58,66,66,71,101
1,1373,4.90201490478,0.283783783784,0.0,22.0,0.148648648649,101,2016-04-17 ~ 2016-04-23,Dibs%KELSEA BALLERINI,31,101,101,101,101,69,60,58,66,66,101
0,1371,0.00595238095238,0.0,0.0,1.0,0.0,101,2016-04-03 ~ 2016-04-09,Die A Happy Man%NELLY,32,101,101,101,101,83,101,101,101,101,101
0,1372,2.9786940633,0.75,0.0,19.0,0.791666666667,101,2016-04-10 ~ 2016-04-16,Die A Happy Man%NELLY,32,101,101,101,101,101,83,101,101,101,101
1,1373,1.92465338418,0.266666666667,0.0,5.0,5.2,101,2016-04-17 ~ 2016-04-23,Die A Happy Man%NELLY,32,101,101,101,101,101,101,83,101,101,101
0,1373,0.00595238095238,0.0,0.0,1.0,0.0,45,2016-04-17 ~ 2016-04-23,Die A Happy Man%THOMAS RHETT,33,44,43,41,38,39,35,30,30,26,36
0,1371,0.00595238095238,0.0,0.0,1.0,0.0,43,2016-04-03 ~ 2016-04-09,Die A Happy Man%THOMAS RHETT,33,41,38,39,35,30,30,26,25,24,44
0,1372,0.00595238095238,1.0,0.0,2.0,0.0,44,2016-04-10 ~ 2016-04-16,Die A Happy Man%THOMAS RHETT,33,43,41,38,39,35,30,30,26,25,45
0,1371,0.00595238095238,0.0,0.0,1.0,0.0,54,2016-04-03 ~ 2016-04-09,Don't Let Me Down%THE CHAINSMOKERS ,34,63,76,81,101,85,101,101,101,101,31
0,1372,47.1074380165,0.947368421053,0.0,19.0,0.315789473684,31,2016-04-10 ~ 2016-04-16,Don't Let Me Down%THE CHAINSMOKERS ,34,54,63,76,81,101,85,101,101,101,25
1,1373,0.95802009181,1.0,0.0,9.0,0.375,25,2016-04-17 ~ 2016-04-23,Don't Let Me Down%THE CHAINSMOKERS ,34,31,54,63,76,81,101,85,101,101,22
0,1372,0.00595238095238,0.0,0.0,1.0,0.0,23,2016-04-10 ~ 2016-04-16,Don't%BRYSON TILLER,35,21,19,19,17,16,17,19,16,15,24
0,1371,0.00595238095238,0.0,0.0,1.0,0.0,21,2016-04-03 ~ 2016-04-09,Don't%BRYSON TILLER,35,19,19,17,16,17,19,16,15,13,23
0,1373,382.470692159,0.170095828636,0.818207440812,0.208024797658,0.745067643743,24,2016-04-17 ~ 2016-04-23,Don't%BRYSON TILLER,35,23,21,19,19,17,16,17,19,16,28
0,1372,0.00595238095238,0.0,0.0,1.0,0.0,25,2016-04-10 ~ 2016-04-16,Down In The DM%YO GOTTI,36,22,18,18,13,18,21,39,33,31,26
0,1371,0.00595238095238,0.0,0.0,1.0,0.0,22,2016-04-03 ~ 2016-04-09,Down In The DM%YO GOTTI,36,18,18,13,18,21,39,33,31,36,25
0,1373,616.591422122,0.0338903271358,0.420334196281,0.0811415780638,3.52506472111,26,2016-04-17 ~ 2016-04-23,Down In The DM%YO GOTTI,36,25,22,18,18,13,18,21,39,33,32
0,1371,0.00595238095238,0.0,0.0,1.0,0.0,44,2016-04-03 ~ 2016-04-09,Drunk On Your Love%BRETT ELDREDGE,37,49,54,52,61,59,61,62,69,94,40
1,1372,0.00595238095238,0.0,0.0,1.0,0.0,40,2016-04-10 ~ 2016-04-16,Drunk On Your Love%BRETT ELDREDGE,37,44,49,54,52,61,59,61,62,69,35
2,1373,0.00595238095238,0.0,0.0,1.0,0.0,35,2016-04-17 ~ 2016-04-23,Drunk On Your Love%BRETT ELDREDGE,37,40,44,49,54,52,61,59,61,62,48
0,1371,0.00595238095238,0.0,0.0,1.0,0.0,48,2016-04-03 ~ 2016-04-09,Ex's & Oh's%ELLE KING,38,40,40,34,33,36,32,31,29,25,49
1,1372,0.00595238095238,0.0,0.0,1.0,0.0,49,2016-04-10 ~ 2016-04-16,Ex's & Oh's%ELLE KING,38,48,40,40,34,33,36,32,31,29,101
2,1373,0.00595238095238,0.0,0.0,1.0,0.0,101,2016-04-17 ~ 2016-04-23,Ex's & Oh's%ELLE KING,38,49,48,40,40,34,33,36,32,31,101
0,1371,0.00595238095238,0.0,0.0,1.0,0.0,30,2016-04-03 ~ 2016-04-09,Exchange%BRYSON TILLER,39,26,36,37,43,39,44,40,39,44,26
0,1372,126.234149945,0.219426565243,0.00468110005851,41.7777777778,0.290228203628,26,2016-04-10 ~ 2016-04-16,Exchange%BRYSON TILLER,39,30,26,36,37,43,39,44,40,39,29
1,1373,124.621529661,0.181623931624,0.00213675213675,64.0,0.11396011396,29,2016-04-17 ~ 2016-04-23,Exchange%BRYSON TILLER,39,26,30,26,36,37,43,39,44,40,31
0,1371,0.00595238095238,0.0,0.0,1.0,0.0,100,2016-04-03 ~ 2016-04-09,Fast Car%JONAS BLUE ,40,101,101,101,101,101,101,101,101,101,100
0,1372,0.874835610955,0.294117647059,0.235294117647,1.2,0.529411764706,100,2016-04-10 ~ 2016-04-16,Fast Car%JONAS BLUE ,40,100,101,101,101,101,101,101,101,101,98
1,1373,1.30645501159,0.41935483871,0.161290322581,2.33333333333,1.06451612903,98,2016-04-17 ~ 2016-04-23,Fast Car%JONAS BLUE ,40,100,100,101,101,101,101,101,101,101,101
0,1371,0.00595238095238,0.0,0.0,1.0,0.0,101,2016-04-03 ~ 2016-04-09,Fly Shit Only%FUTURE,41,101,101,101,101,67,101,101,101,101,101
0,1372,2.41889038203,1.0,0.0,36.0,0.0285714285714,101,2016-04-10 ~ 2016-04-16,Fly Shit Only%FUTURE,41,101,101,101,101,101,67,101,101,101,101
1,1373,4.19515226849,1.0,0.0,31.0,0.0666666666667,101,2016-04-17 ~ 2016-04-23,Fly Shit Only%FUTURE,41,101,101,101,101,101,101,67,101,101,101
0,1371,0.00595238095238,0.0,0.0,1.0,0.0,101,2016-04-03 ~ 2016-04-09,Get Ugly%JASON DERULO,42,97,77,65,58,56,56,52,54,62,101
0,1372,4.12002431959,0.0,1.0,0.030303030303,0.0,101,2016-04-10 ~ 2016-04-16,Get Ugly%JASON DERULO,42,101,97,77,65,58,56,56,52,54,101
1,1373,16.0432914213,0.0,1.0,0.0344827586207,0.0357142857143,101,2016-04-17 ~ 2016-04-23,Get Ugly%JASON DERULO,42,101,101,97,77,65,58,56,56,52,101
0,1371,0.00595238095238,0.0,0.0,1.0,0.0,101,2016-04-03 ~ 2016-04-09,Good To Be Alive (Hallelujah)%ANDY GRAMMER,43,101,101,101,90,87,84,70,83,81,101
1,1372,0.00595238095238,0.0,0.0,1.0,0.0,101,2016-04-10 ~ 2016-04-16,Good To Be Alive (Hallelujah)%ANDY GRAMMER,43,101,101,101,101,90,87,84,70,83,101
2,1373,0.00595238095238,0.0,0.0,1.0,0.0,101,2016-04-17 ~ 2016-04-23,Good To Be Alive (Hallelujah)%ANDY GRAMMER,43,101,101,101,101,101,90,87,84,70,101
0,1371,0.00595238095238,0.0,0.0,1.0,0.0,101,2016-04-03 ~ 2016-04-09,Gotta Lotta%2 CHAINZ ,44,100,101,101,101,101,101,101,101,101,101
1,1372,0.00595238095238,0.0,0.0,1.0,0.0,101,2016-04-10 ~ 2016-04-16,Gotta Lotta%2 CHAINZ ,44,101,100,101,101,101,101,101,101,101,101
2,1373,0.00595238095238,0.0,0.0,1.0,0.0,101,2016-04-17 ~ 2016-04-23,Gotta Lotta%2 CHAINZ ,44,101,101,100,101,101,101,101,101,101,101
0,1371,0.00595238095238,0.0,0.0,1.0,0.0,15,2016-04-03 ~ 2016-04-09,Hands To Myself%SELENA GOMEZ,45,13,15,11,11,12,13,7,21,37,15
0,1372,2.21930670376,0.0,0.0,1.0,0.0,15,2016-04-10 ~ 2016-04-16,Hands To Myself%SELENA GOMEZ,45,15,13,15,11,11,12,13,7,21,17
1,1373,5.10051694428,0.0540540540541,0.0540540540541,1.0,0.378378378378,17,2016-04-17 ~ 2016-04-23,Hands To Myself%SELENA GOMEZ,45,15,15,13,15,11,11,12,13,7,18
0,1371,0.00595238095238,0.0,0.0,1.0,0.0,94,2016-04-03 ~ 2016-04-09,Head Over Boots%JON PARDI,46,98,97,101,101,101,101,101,101,101,92
1,1372,0.00595238095238,0.0,0.0,1.0,0.0,92,2016-04-10 ~ 2016-04-16,Head Over Boots%JON PARDI,46,94,98,97,101,101,101,101,101,101,85
2,1373,0.00595238095238,0.0,0.0,1.0,0.0,85,2016-04-17 ~ 2016-04-23,Head Over Boots%JON PARDI,46,92,94,98,97,101,101,101,101,101,89
0,1371,0.00595238095238,0.0,0.0,1.0,0.0,56,2016-04-03 ~ 2016-04-09,Heartbeat%CARRIE UNDERWOOD,47,48,46,44,42,55,58,58,60,70,75
0,1372,0.268612615839,0.4,0.6,0.75,0.4,75,2016-04-10 ~ 2016-04-16,Heartbeat%CARRIE UNDERWOOD,47,56,48,46,44,42,55,58,58,60,80
1,1373,0.0119047619048,0.0,1.0,0.333333333333,0.0,80,2016-04-17 ~ 2016-04-23,Heartbeat%CARRIE UNDERWOOD,47,75,56,48,46,44,42,55,58,58,95
0,1371,0.00595238095238,0.0,0.0,1.0,0.0,101,2016-04-03 ~ 2016-04-09,Hello Friday%FLO RIDA ,48,101,79,101,101,101,101,101,101,101,101
1,1372,0.00595238095238,0.0,0.0,1.0,0.0,101,2016-04-10 ~ 2016-04-16,Hello Friday%FLO RIDA ,48,101,101,79,101,101,101,101,101,101,101
2,1373,0.00595238095238,0.0,0.0,1.0,0.0,101,2016-04-17 ~ 2016-04-23,Hello Friday%FLO RIDA ,48,101,101,101,79,101,101,101,101,101,101
0,1371,0.00595238095238,0.0,0.0,1.0,0.0,16,2016-04-03 ~ 2016-04-09,Hello%ADELE,49,12,11,8,7,6,5,4,3,2,19
0,1372,72.8883769355,0.27352297593,0.0700218818381,3.86153846154,0.610503282276,19,2016-04-10 ~ 2016-04-16,Hello%ADELE,49,16,12,11,8,7,6,5,4,3,19
1,1373,95.4360069916,0.410256410256,0.0695970695971,5.83116883117,0.900183150183,19,2016-04-17 ~ 2016-04-23,Hello%ADELE,49,19,16,12,11,8,7,6,5,4,25
0,1371,0.00595238095238,0.0,0.0,1.0,0.0,39,2016-04-03 ~ 2016-04-09,Here%ALESSIA CARA,50,32,33,26,21,19,12,10,5,6,47
0,1372,2.11785469164,0.166666666667,0.0,4.0,0.0555555555556,47,2016-04-10 ~ 2016-04-16,Here%ALESSIA CARA,50,39,32,33,26,21,19,12,10,5,101
1,1373,1.3240833513,0.0689655172414,0.0,3.0,0.620689655172,101,2016-04-17 ~ 2016-04-23,Here%ALESSIA CARA,50,47,39,32,33,26,21,19,12,10,101
0,1371,0.00595238095238,0.0,0.0,1.0,0.0,41,2016-04-03 ~ 2016-04-09,Hide Away%DAYA,51,37,31,23,26,24,25,24,30,31,46
0,1372,2.21017087895,0.0,0.0,1.0,0.0,46,2016-04-10 ~ 2016-04-16,Hide Away%DAYA,51,41,37,31,23,26,24,25,24,30,101
1,1373,1.21332822673,0.0,0.0,1.0,0.0454545454545,101,2016-04-17 ~ 2016-04-23,Hide Away%DAYA,51,46,41,37,31,23,26,24,25,24,101
0,1371,0.00595238095238,0.0,0.0,1.0,0.0,101,2016-04-03 ~ 2016-04-09,History%ONE DIRECTION,52,101,100,98,96,96,92,101,101,101,101
0,1372,10.8516600153,0.161971830986,0.0281690140845,4.8,0.225352112676,101,2016-04-10 ~ 2016-04-16,History%ONE DIRECTION,52,101,101,100,98,96,96,92,101,101,101
1,1373,10.4907779239,0.0853658536585,0.0243902439024,2.66666666667,0.451219512195,101,2016-04-17 ~ 2016-04-23,History%ONE DIRECTION,52,101,101,101,100,98,96,96,92,101,101
0,1371,0.00595238095238,0.0,0.0,1.0,0.0,101,2016-04-03 ~ 2016-04-09,Hollow%TORI KELLY,53,101,101,84,68,93,86,86,81,90,101
0,1372,4.1166380789,0.357142857143,0.642857142857,0.6,0.285714285714,101,2016-04-10 ~ 2016-04-16,Hollow%TORI KELLY,53,101,101,101,84,68,93,86,86,81,101
1,1373,0.285600952003,0.0,1.0,0.142857142857,1.83333333333,101,2016-04-17 ~ 2016-04-23,Hollow%TORI KELLY,53,101,101,101,101,84,68,93,86,86,101
0,1371,0.00595238095238,0.0,0.0,1.0,0.0,85,2016-04-03 ~ 2016-04-09,Home Alone Tonight%LUKE BRYAN ,54,70,63,56,52,43,40,38,44,48,91
1,1372,0.00595238095238,0.0,0.0,1.0,0.0,91,2016-04-10 ~ 2016-04-16,Home Alone Tonight%LUKE BRYAN ,54,85,70,63,56,52,43,40,38,44,90
2,1373,0.00595238095238,0.0,0.0,1.0,0.0,90,2016-04-17 ~ 2016-04-23,Home Alone Tonight%LUKE BRYAN ,54,91,85,70,63,56,52,43,40,38,101
0,1371,0.00595238095238,0.0,0.0,1.0,0.0,28,2016-04-03 ~ 2016-04-09,Hotline Bling%DRAKE,55,27,24,21,19,16,18,14,9,7,34
0,1372,0.439278850554,0.125,0.0,2.0,0.125,34,2016-04-10 ~ 2016-04-16,Hotline Bling%DRAKE,55,28,27,24,21,19,16,18,14,9,38
1,1373,0.910429776409,0.352941176471,0.0,7.0,0.411764705882,38,2016-04-17 ~ 2016-04-23,Hotline Bling%DRAKE,55,34,28,27,24,21,19,16,18,14,50
0,1371,0.00595238095238,0.0,0.0,1.0,0.0,58,2016-04-03 ~ 2016-04-09,Humble And Kind%TIM McGRAW,56,57,67,73,88,101,101,95,101,101,51
0,1372,0.291805139013,1.0,0.0,8.0,0.571428571429,51,2016-04-10 ~ 2016-04-16,Humble And Kind%TIM McGRAW,56,58,57,67,73,88,101,101,95,101,44
1,1373,0.112058768599,0.5,0.0,2.0,4.5,44,2016-04-17 ~ 2016-04-23,Humble And Kind%TIM McGRAW,56,51,58,57,67,73,88,101,101,95,30
0,1371,0.00595238095238,0.0,0.0,1.0,0.0,101,2016-04-03 ~ 2016-04-09,Hymn For The Weekend%COLDPLAY,57,101,101,101,101,64,68,101,101,101,101
0,1372,0.814030724007,0.3125,0.0,6.0,0.75,101,2016-04-10 ~ 2016-04-16,Hymn For The Weekend%COLDPLAY,57,101,101,101,101,101,64,68,101,101,101
1,1373,0.828525837732,0.666666666667,0.0,11.0,0.666666666667,101,2016-04-17 ~ 2016-04-23,Hymn For The Weekend%COLDPLAY,57,101,101,101,101,101,101,64,68,101,101
0,1371,0.00595238095238,0.0,0.0,1.0,0.0,82,2016-04-03 ~ 2016-04-09,I Know What You Did Last Summer%SHAWN MENDES & CAMILA CABELLO,58,71,61,51,37,28,26,25,24,20,88
1,1372,0.00595238095238,0.0,0.0,1.0,0.0,88,2016-04-10 ~ 2016-04-16,I Know What You Did Last Summer%SHAWN MENDES & CAMILA CABELLO,58,82,71,61,51,37,28,26,25,24,86
2,1373,0.00595238095238,0.0,0.0,1.0,0.0,86,2016-04-17 ~ 2016-04-23,I Know What You Did Last Summer%SHAWN MENDES & CAMILA CABELLO,58,88,82,71,61,51,37,28,26,25,101
0,1371,0.00595238095238,0.0,0.0,1.0,0.0,67,2016-04-03 ~ 2016-04-09,I Like The Sound Of That%RASCAL FLATTS,59,67,72,72,78,79,81,87,101,101,56
1,1372,0.00595238095238,0.0,0.0,1.0,0.0,56,2016-04-10 ~ 2016-04-16,I Like The Sound Of That%RASCAL FLATTS,59,67,67,72,72,78,79,81,87,101,52
2,1373,0.00595238095238,0.0,0.0,1.0,0.0,52,2016-04-17 ~ 2016-04-23,I Like The Sound Of That%RASCAL FLATTS,59,56,67,67,72,72,78,79,81,87,59
0,1371,0.00595238095238,0.0,0.0,1.0,0.0,101,2016-04-03 ~ 2016-04-09,I Love This Life%LOCASH,60,101,101,99,99,90,75,68,56,59,101
1,1372,0.00595238095238,0.0,0.0,1.0,0.0,101,2016-04-10 ~ 2016-04-16,I Love This Life%LOCASH,60,101,101,101,99,99,90,75,68,56,101
2,1373,0.00595238095238,0.0,0.0,1.0,0.0,101,2016-04-17 ~ 2016-04-23,I Love This Life%LOCASH,60,101,101,101,101,99,99,90,75,68,101
0,1371,0.00595238095238,0.0,0.0,1.0,0.0,11,2016-04-03 ~ 2016-04-09,I Took A Pill In Ibiza%MIKE POSNER,61,10,14,15,24,33,48,59,79,101,10
0,1372,1.4857231293,0.0,0.0,1.0,0.0,10,2016-04-10 ~ 2016-04-16,I Took A Pill In Ibiza%MIKE POSNER,61,11,10,14,15,24,33,48,59,79,9
1,1373,1.19713542595,0.0,0.0,1.0,0.0714285714286,9,2016-04-17 ~ 2016-04-23,I Took A Pill In Ibiza%MIKE POSNER,61,10,11,10,14,15,24,33,48,59,8
0,1371,0.00595238095238,0.0,0.0,1.0,0.0,47,2016-04-03 ~ 2016-04-09,In The Night%THE WEEKND,62,36,28,19,15,14,16,13,13,15,52
0,1372,1.38342277877,0.0,0.0,1.0,0.0,52,2016-04-10 ~ 2016-04-16,In The Night%THE WEEKND,62,47,36,28,19,15,14,16,13,13,101
1,1373,4.28620808849,0.0,0.0,1.0,0.129032258065,101,2016-04-17 ~ 2016-04-23,In The Night%THE WEEKND,62,52,47,36,28,19,15,14,16,13,101
0,1372,0.00595238095238,0.0,0.0,1.0,0.0,101,2016-04-10 ~ 2016-04-16,Irresistible%FALL OUT BOY,63,101,101,101,101,94,86,64,51,52,101
0,1371,0.00595238095238,0.0,0.0,1.0,0.0,101,2016-04-03 ~ 2016-04-09,Irresistible%FALL OUT BOY,63,101,101,101,94,86,64,51,52,57,101
0,1373,0.164516276448,0.0,0.333333333333,0.5,0.0,101,2016-04-17 ~ 2016-04-23,Irresistible%FALL OUT BOY,63,101,101,101,101,101,94,86,64,51,101
0,1371,0.00595238095238,0.0,0.0,1.0,0.0,101,2016-04-03 ~ 2016-04-09,It's You%ZAYN,64,101,59,101,101,101,101,101,101,101,101
0,1372,587.344913151,0.105323193916,0.0391634980989,2.67307692308,0.810646387833,101,2016-04-10 ~ 2016-04-16,It's You%ZAYN,64,101,101,59,101,101,101,101,101,101,101
1,1373,452.718792435,0.336776212833,0.0175273865415,19.0530973451,2.45993740219,101,2016-04-17 ~ 2016-04-23,It's You%ZAYN,64,101,101,101,59,101,101,101,101,101,101
0,1371,0.00595238095238,0.0,0.0,1.0,0.0,78,2016-04-03 ~ 2016-04-09,Jimmy Choo%FETTY WAP,65,74,73,66,65,69,101,101,101,101,79
1,1372,0.00595238095238,0.0,0.0,1.0,0.0,79,2016-04-10 ~ 2016-04-16,Jimmy Choo%FETTY WAP,65,78,74,73,66,65,69,101,101,101,69
2,1373,0.00595238095238,0.0,0.0,1.0,0.0,69,2016-04-17 ~ 2016-04-23,Jimmy Choo%FETTY WAP,65,79,78,74,73,66,65,69,101,101,85
0,1371,0.00595238095238,0.0,0.0,1.0,0.0,24,2016-04-03 ~ 2016-04-09,Jumpman%DRAKE & FUTURE,66,23,22,24,23,22,22,20,14,12,27
0,1372,5.8124783762,0.0357142857143,0.0,2.0,0.25,27,2016-04-10 ~ 2016-04-16,Jumpman%DRAKE & FUTURE,66,24,23,22,24,23,22,22,20,14,32
1,1373,47.1554252199,0.283582089552,0.044776119403,5.0,1.16417910448,32,2016-04-17 ~ 2016-04-23,Jumpman%DRAKE & FUTURE,66,27,24,23,22,24,23,22,22,20,23
0,1371,0.00595238095238,0.0,0.0,1.0,0.0,101,2016-04-03 ~ 2016-04-09,Lean On%MAJOR LAZER x DJ SNAKE ,67,101,48,49,49,46,41,36,36,32,101
1,1372,0.00595238095238,0.0,0.0,1.0,0.0,101,2016-04-10 ~ 2016-04-16,Lean On%MAJOR LAZER x DJ SNAKE ,67,101,101,48,49,49,46,41,36,36,101
2,1373,0.00595238095238,0.0,0.0,1.0,0.0,101,2016-04-17 ~ 2016-04-23,Lean On%MAJOR LAZER x DJ SNAKE ,67,101,101,101,48,49,49,46,41,36,101
0,1371,0.00595238095238,0.0,0.0,1.0,0.0,38,2016-04-03 ~ 2016-04-09,Let It Go%JAMES BAY,68,50,52,35,38,75,80,75,86,87,35
0,1372,0.170273146506,0.25,0.0,2.0,0.75,35,2016-04-10 ~ 2016-04-16,Let It Go%JAMES BAY,68,38,50,52,35,38,75,80,75,86,30
1,1373,0.00595238095238,1.0,0.0,2.0,0.0,30,2016-04-17 ~ 2016-04-23,Let It Go%JAMES BAY,68,35,38,50,52,35,38,75,80,75,38
0,1371,38.0952380952,1.0,0.0,3.0,0.0,98,2016-04-03 ~ 2016-04-09,Light It Up%MAJOR LAZER ,69,101,101,101,101,101,101,101,101,101,95
1,1372,63.2466619817,1.0,0.0,26.0,0.0,95,2016-04-10 ~ 2016-04-16,Light It Up%MAJOR LAZER ,69,98,101,101,101,101,101,101,101,101,84
2,1373,4.05511958848,1.0,0.0,31.0,0.0,84,2016-04-17 ~ 2016-04-23,Light It Up%MAJOR LAZER ,69,95,98,101,101,101,101,101,101,101,86
0,1371,0.00595238095238,0.0,0.0,1.0,0.0,55,2016-04-03 ~ 2016-04-09,Like I Would%ZAYN,70,101,101,101,101,101,101,101,101,101,93
0,1372,0.0119047619048,0.0,0.0,1.0,1.0,93,2016-04-10 ~ 2016-04-16,Like I Would%ZAYN,70,55,101,101,101,101,101,101,101,101,73
1,1373,0.12503183681,0.0,0.0,1.0,0.333333333333,73,2016-04-17 ~ 2016-04-23,Like I Would%ZAYN,70,93,55,101,101,101,101,101,101,101,101
0,1371,0.00595238095238,0.0,0.0,1.0,0.0,46,2016-04-03 ~ 2016-04-09,Like I'm Gonna Lose You%MEGHAN TRAINOR ,71,42,37,31,29,27,20,15,11,9,41
0,1372,177.604201737,0.253867151956,0.00409463148317,55.9,0.175159235669,41,2016-04-10 ~ 2016-04-16,Like I'm Gonna Lose You%MEGHAN TRAINOR ,71,46,42,37,31,29,27,20,15,11,46
1,1373,410.530875487,0.301069217783,0.00225098480585,125.941176471,0.428953292065,46,2016-04-17 ~ 2016-04-23,Like I'm Gonna Lose You%MEGHAN TRAINOR ,71,41,46,42,37,31,29,27,20,15,101
0,1371,0.00595238095238,0.0,0.0,1.0,0.0,88,2016-04-03 ~ 2016-04-09,Little Bit Of You%CHASE BRYANT,72,86,82,83,89,99,101,101,101,101,85
1,1372,0.00595238095238,0.0,0.0,1.0,0.0,85,2016-04-10 ~ 2016-04-16,Little Bit Of You%CHASE BRYANT,72,88,86,82,83,89,99,101,101,101,79
2,1373,0.00595238095238,0.0,0.0,1.0,0.0,79,2016-04-17 ~ 2016-04-23,Little Bit Of You%CHASE BRYANT,72,85,88,86,82,83,89,99,101,101,78
0,1371,0.00595238095238,0.0,0.0,1.0,0.0,101,2016-04-03 ~ 2016-04-09,Look At My Dab%MIGOS,73,101,101,87,101,101,101,101,101,101,101
1,1372,0.00595238095238,0.0,0.0,1.0,0.0,101,2016-04-10 ~ 2016-04-16,Look At My Dab%MIGOS,73,101,101,101,87,101,101,101,101,101,101
2,1373,0.00595238095238,0.0,0.0,1.0,0.0,101,2016-04-17 ~ 2016-04-23,Look At My Dab%MIGOS,73,101,101,101,101,87,101,101,101,101,101
0,1373,0.00595238095238,0.0,0.0,1.0,0.0,47,2016-04-17 ~ 2016-04-23,Lost Boy%RUTH B,74,67,79,87,86,75,101,101,101,101,51
0,1371,0.00595238095238,0.0,0.0,1.0,0.0,79,2016-04-03 ~ 2016-04-09,Lost Boy%RUTH B,74,87,86,75,101,101,101,101,101,101,67
0,1372,0.325752548712,0.0,0.0,1.0,0.0,67,2016-04-10 ~ 2016-04-16,Lost Boy%RUTH B,74,79,87,86,75,101,101,101,101,101,47
0,1371,0.00595238095238,0.0,0.0,1.0,0.0,2,2016-04-03 ~ 2016-04-09,Love Yourself%JUSTIN BIEBER,75,2,2,2,2,1,2,1,2,3,3
0,1372,7.32029017366,1.0,0.0,38.0,0.189189189189,3,2016-04-10 ~ 2016-04-16,Love Yourself%JUSTIN BIEBER,75,2,2,2,2,2,1,2,1,2,5
1,1373,2.68818183474,1.0,0.0,42.0,0.341463414634,5,2016-04-17 ~ 2016-04-23,Love Yourself%JUSTIN BIEBER,75,3,2,2,2,2,2,1,2,1,6
0,1371,0.00595238095238,0.0,0.0,1.0,0.0,35,2016-04-03 ~ 2016-04-09,Low Life%FUTURE ,76,43,56,53,59,52,101,101,101,101,29
0,1372,2.25228747947,0.0,0.125,0.5,0.75,29,2016-04-10 ~ 2016-04-16,Low Life%FUTURE ,76,35,43,56,53,59,52,101,101,101,28
1,1373,3.80453927835,0.0,0.0,1.0,0.0,28,2016-04-17 ~ 2016-04-23,Low Life%FUTURE ,76,29,35,43,56,53,59,52,101,101,29
0,1371,0.00595238095238,0.0,0.0,1.0,0.0,97,2016-04-03 ~ 2016-04-09,Make Me Like You%GWEN STEFANI,77,101,101,68,54,101,101,101,101,101,80
0,1372,0.177757295456,0.0,0.0,1.0,0.333333333333,80,2016-04-10 ~ 2016-04-16,Make Me Like You%GWEN STEFANI,77,97,101,101,68,54,101,101,101,101,100
1,1373,0.111882895902,0.0,0.0,1.0,0.0,100,2016-04-17 ~ 2016-04-23,Make Me Like You%GWEN STEFANI,77,80,97,101,101,68,54,101,101,101,101
0,1372,0.00595238095238,0.0,0.0,1.0,0.0,7,2016-04-10 ~ 2016-04-16,"Me, Myself & I%G-EAZY & BEBE REXHA",78,7,7,7,7,8,8,10,12,16,8
0,1371,0.00595238095238,0.0,0.0,1.0,0.0,7,2016-04-03 ~ 2016-04-09,"Me, Myself & I%G-EAZY & BEBE REXHA",78,7,7,7,8,8,10,12,16,19,7
0,1373,0.541380520327,0.0,0.0,1.0,0.666666666667,8,2016-04-17 ~ 2016-04-23,"Me, Myself & I%G-EAZY & BEBE REXHA",78,7,7,7,7,7,8,8,10,12,10
0,1371,0.00595238095238,0.0,0.0,1.0,0.0,26,2016-04-03 ~ 2016-04-09,Middle%DJ SNAKE ,79,31,50,57,70,73,79,88,95,101,20
0,1372,14.7531536147,0.1875,0.03125,4.33333333333,0.71875,20,2016-04-10 ~ 2016-04-16,Middle%DJ SNAKE ,79,26,31,50,57,70,73,79,88,95,22
1,1373,11.7565458644,0.150442477876,0.0176991150442,6.0,0.911504424779,22,2016-04-17 ~ 2016-04-23,Middle%DJ SNAKE ,79,20,26,31,50,57,70,73,79,88,24
0,1373,0.00595238095238,0.0,0.0,1.0,0.0,78,2016-04-17 ~ 2016-04-23,Might Be%LUKE NASTY,80,83,84,82,78,80,85,101,101,101,83
0,1371,0.00595238095238,0.0,0.0,1.0,0.0,84,2016-04-03 ~ 2016-04-09,Might Be%LUKE NASTY,80,82,78,80,85,101,101,101,101,101,83
0,1372,0.00595238095238,0.0,1.0,0.5,1.0,83,2016-04-10 ~ 2016-04-16,Might Be%LUKE NASTY,80,84,82,78,80,85,101,101,101,101,78
0,1371,0.00595238095238,0.0,0.0,1.0,0.0,83,2016-04-03 ~ 2016-04-09,Might Not%BELLY ,81,94,96,100,101,101,101,101,101,101,81
1,1372,0.00595238095238,0.0,0.0,1.0,0.0,81,2016-04-10 ~ 2016-04-16,Might Not%BELLY ,81,83,94,96,100,101,101,101,101,101,77
2,1373,0.00595238095238,0.0,0.0,1.0,0.0,77,2016-04-17 ~ 2016-04-23,Might Not%BELLY ,81,81,83,94,96,100,101,101,101,101,73
0,1371,0.00595238095238,0.0,0.0,1.0,0.0,86,2016-04-03 ~ 2016-04-09,Mind Reader%DUSTIN LYNCH,82,88,84,85,101,101,101,101,101,101,84
1,1372,0.00595238095238,0.0,0.0,1.0,0.0,84,2016-04-10 ~ 2016-04-16,Mind Reader%DUSTIN LYNCH,82,86,88,84,85,101,101,101,101,101,74
2,1373,0.00595238095238,0.0,0.0,1.0,0.0,74,2016-04-17 ~ 2016-04-23,Mind Reader%DUSTIN LYNCH,82,84,86,88,84,85,101,101,101,101,79
0,1371,0.00595238095238,0.0,0.0,1.0,0.0,53,2016-04-03 ~ 2016-04-09,My Church%MAREN MORRIS,83,51,55,55,63,65,71,91,101,101,53
0,1372,39.8104265403,0.142857142857,0.0,5.0,0.392857142857,53,2016-04-10 ~ 2016-04-16,My Church%MAREN MORRIS,83,53,51,55,55,63,65,71,91,101,50
1,1373,2.31155548421,0.928571428571,0.0,27.0,1.42857142857,50,2016-04-17 ~ 2016-04-23,My Church%MAREN MORRIS,83,53,53,51,55,55,63,65,71,91,58
0,1371,0.00595238095238,0.0,0.0,1.0,0.0,5,2016-04-03 ~ 2016-04-09,My House%FLO RIDA,84,4,4,5,5,5,8,5,12,23,4
1,1372,0.00595238095238,0.0,0.0,1.0,0.0,4,2016-04-10 ~ 2016-04-16,My House%FLO RIDA,84,5,4,4,5,5,5,8,5,12,6
2,1373,0.00595238095238,0.0,0.0,1.0,0.0,6,2016-04-17 ~ 2016-04-23,My House%FLO RIDA,84,4,5,4,4,5,5,5,8,5,7
0,1371,0.00595238095238,0.0,0.0,1.0,0.0,71,2016-04-03 ~ 2016-04-09,Needed Me%RIHANNA,85,68,66,64,74,84,91,101,101,101,64
0,1372,780.41958042,0.0,0.0,1.0,0.0,64,2016-04-10 ~ 2016-04-16,Needed Me%RIHANNA,85,71,68,66,64,74,84,91,101,101,59
1,1373,1.21310713456,0.0,0.0689655172414,0.333333333333,0.0,59,2016-04-17 ~ 2016-04-23,Needed Me%RIHANNA,85,64,71,68,66,64,74,84,91,101,47
0,1371,0.00595238095238,0.0,0.0,1.0,0.0,19,2016-04-03 ~ 2016-04-09,Never Forget You%ZARA LARSSON & MNEK,86,22,34,58,83,101,101,101,101,101,17
0,1372,0.264725347452,0.0,0.0,1.0,0.5,17,2016-04-10 ~ 2016-04-16,Never Forget You%ZARA LARSSON & MNEK,86,19,22,34,58,83,101,101,101,101,15
1,1373,2.32209146197,0.34693877551,0.0204081632653,9.0,0.387755102041,15,2016-04-17 ~ 2016-04-23,Never Forget You%ZARA LARSSON & MNEK,86,17,19,22,34,58,83,101,101,101,15
0,1371,0.00595238095238,0.0,0.0,1.0,0.0,69,2016-04-03 ~ 2016-04-09,New Romantics%TAYLOR SWIFT,87,73,101,101,101,101,101,101,101,101,62
0,1372,4.18533082578,0.0,0.0,1.0,0.0,62,2016-04-10 ~ 2016-04-16,New Romantics%TAYLOR SWIFT,87,69,73,101,101,101,101,101,101,101,61
1,1373,6.89516129032,0.0,0.0,1.0,0.0,61,2016-04-17 ~ 2016-04-23,New Romantics%TAYLOR SWIFT,87,62,69,73,101,101,101,101,101,101,62
0,1371,0.00595238095238,0.0,0.0,1.0,0.0,12,2016-04-03 ~ 2016-04-09,No%MEGHAN TRAINOR,88,11,101,101,101,101,101,101,101,101,6
1,1372,0.00595238095238,0.0,0.0,1.0,0.0,6,2016-04-10 ~ 2016-04-16,No%MEGHAN TRAINOR,88,12,11,101,101,101,101,101,101,101,3
2,1373,0.00595238095238,0.0,0.0,1.0,0.0,3,2016-04-17 ~ 2016-04-23,No%MEGHAN TRAINOR,88,6,12,11,101,101,101,101,101,101,3
0,1371,0.00595238095238,0.0,0.0,1.0,0.0,81,2016-04-03 ~ 2016-04-09,Nobody To Blame%CHRIS STAPLETON,89,78,74,70,73,76,77,76,80,97,82
0,1372,1.06358381503,1.0,0.0,24.0,0.0434782608696,82,2016-04-10 ~ 2016-04-16,Nobody To Blame%CHRIS STAPLETON,89,81,78,74,70,73,76,77,76,80,81
1,1373,2.73646870797,1.0,0.0,40.0,0.205128205128,81,2016-04-17 ~ 2016-04-23,Nobody To Blame%CHRIS STAPLETON,89,82,81,78,74,70,73,76,77,76,68
0,1371,0.00595238095238,0.0,0.0,1.0,0.0,101,2016-04-03 ~ 2016-04-09,On My Mind%ELLIE GOULDING,90,101,101,101,48,41,34,32,27,21,101
0,1372,176.481095564,0.247638326586,0.0418353576248,5.84126984127,2.42510121457,101,2016-04-10 ~ 2016-04-16,On My Mind%ELLIE GOULDING,90,101,101,101,101,48,41,34,32,27,101
1,1373,81.1194209891,0.378301213419,0.0499643112063,7.47887323944,5.56388294076,101,2016-04-17 ~ 2016-04-23,On My Mind%ELLIE GOULDING,90,101,101,101,101,101,48,41,34,32,101
0,1371,0.00595238095238,0.0,0.0,1.0,0.0,14,2016-04-03 ~ 2016-04-09,One Call Away%CHARLIE PUTH,91,15,16,14,12,15,17,22,26,34,14
1,1372,0.00595238095238,0.0,0.0,1.0,0.0,14,2016-04-10 ~ 2016-04-16,One Call Away%CHARLIE PUTH,91,14,15,16,14,12,15,17,22,26,16
2,1373,0.00595238095238,0.0,0.0,1.0,0.0,16,2016-04-17 ~ 2016-04-23,One Call Away%CHARLIE PUTH,91,14,14,15,16,14,12,15,17,22,20
0,1371,0.00595238095238,0.0,0.0,1.0,0.0,101,2016-04-03 ~ 2016-04-09,Ophelia%THE LUMINEERS,92,101,101,101,101,78,101,101,101,101,101
0,1372,0.0119047619048,0.0,0.0,1.0,1.0,101,2016-04-10 ~ 2016-04-16,Ophelia%THE LUMINEERS,92,101,101,101,101,101,78,101,101,101,101
1,1373,26.6337854501,0.583333333333,0.0,8.0,0.416666666667,101,2016-04-17 ~ 2016-04-23,Ophelia%THE LUMINEERS,92,101,101,101,101,101,101,78,101,101,101
0,1372,0.00595238095238,0.0,0.0,1.0,0.0,24,2016-04-10 ~ 2016-04-16,Oui%JEREMIH,93,27,33,27,28,45,48,53,53,55,21
0,1371,0.00595238095238,0.0,0.0,1.0,0.0,27,2016-04-03 ~ 2016-04-09,Oui%JEREMIH,93,33,27,28,45,48,53,53,55,64,24
0,1373,0.470342304677,0.0,0.0,1.0,0.5,21,2016-04-17 ~ 2016-04-23,Oui%JEREMIH,93,24,27,33,27,28,45,48,53,53,19
0,1371,0.00595238095238,0.0,0.0,1.0,0.0,101,2016-04-03 ~ 2016-04-09,Out Of The Woods%TAYLOR SWIFT,94,101,101,77,53,51,49,44,50,55,101
0,1372,1.35208446355,0.0,0.0,1.0,0.0,101,2016-04-10 ~ 2016-04-16,Out Of The Woods%TAYLOR SWIFT,94,101,101,101,77,53,51,49,44,50,101
1,1373,41.1352746038,0.0,0.0,1.0,0.0645161290323,101,2016-04-17 ~ 2016-04-23,Out Of The Woods%TAYLOR SWIFT,94,101,101,101,101,77,53,51,49,44,101
0,1371,0.00595238095238,0.0,0.0,1.0,0.0,33,2016-04-03 ~ 2016-04-09,Panda%DESIIGNER,95,72,94,96,101,101,101,101,101,101,21
0,1372,8.21698710473,0.452554744526,0.0656934306569,6.3,1.43795620438,21,2016-04-10 ~ 2016-04-16,Panda%DESIIGNER,95,33,72,94,96,101,101,101,101,101,14
1,1373,10.303030303,0.503267973856,0.0261437908497,15.6,0.555555555556,14,2016-04-17 ~ 2016-04-23,Panda%DESIIGNER,95,21,33,72,94,96,101,101,101,101,5
0,1371,0.00595238095238,0.0,0.0,1.0,0.0,101,2016-04-03 ~ 2016-04-09,Perfect%ONE DIRECTION,96,101,87,79,72,63,54,43,38,35,101
0,1372,1.64458656921,0.0,0.0,1.0,0.0,101,2016-04-10 ~ 2016-04-16,Perfect%ONE DIRECTION,96,101,101,87,79,72,63,54,43,38,101
1,1373,0.423396581465,0.0,0.0,1.0,0.0,101,2016-04-17 ~ 2016-04-23,Perfect%ONE DIRECTION,96,101,101,101,87,79,72,63,54,43,101
0,1371,0.00595238095238,0.0,0.0,1.0,0.0,70,2016-04-03 ~ 2016-04-09,Piece By Piece%KELLY CLARKSON,97,20,8,101,101,101,101,101,101,101,78
0,1372,163.573085847,0.285815602837,0.0794326241135,3.57522123894,0.486524822695,78,2016-04-10 ~ 2016-04-16,Piece By Piece%KELLY CLARKSON,97,70,20,8,101,101,101,101,101,101,82
1,1373,158.264748382,0.291175419793,0.0432297249018,6.68852459016,0.759914255091,82,2016-04-17 ~ 2016-04-23,Piece By Piece%KELLY CLARKSON,97,78,70,20,8,101,101,101,101,101,72
0,1371,0.00595238095238,0.0,0.0,1.0,0.0,6,2016-04-03 ~ 2016-04-09,Pillowtalk%ZAYN,98,6,6,6,6,7,1,101,101,101,8
0,1372,18.3235247336,1.0,0.0,33.0,0.21875,8,2016-04-10 ~ 2016-04-16,Pillowtalk%ZAYN,98,6,6,6,6,6,7,1,101,101,4
1,1373,2.82648521329,1.0,0.0,31.0,0.4,4,2016-04-17 ~ 2016-04-23,Pillowtalk%ZAYN,98,8,6,6,6,6,6,7,1,101,4
0,1371,0.00595238095238,0.0,0.0,1.0,0.0,75,2016-04-03 ~ 2016-04-09,Promise%KID INK ,99,85,83,82,92,101,101,101,101,101,70
1,1372,0.00595238095238,0.0,0.0,1.0,0.0,70,2016-04-10 ~ 2016-04-16,Promise%KID INK ,99,75,85,83,82,92,101,101,101,101,67
2,1373,0.00595238095238,0.0,0.0,1.0,0.0,67,2016-04-17 ~ 2016-04-23,Promise%KID INK ,99,70,75,85,83,82,92,101,101,101,64
0,1372,0.00595238095238,0.0,0.0,1.0,0.0,59,2016-04-10 ~ 2016-04-16,Really Really%KEVIN GATES,100,62,59,64,61,67,62,59,82,76,54
0,1371,0.00595238095238,0.0,0.0,1.0,0.0,62,2016-04-03 ~ 2016-04-09,Really Really%KEVIN GATES,100,59,64,61,67,62,59,82,76,83,59
0,1373,24.1083127093,0.217391304348,0.0434782608696,3.66666666667,0.260869565217,54,2016-04-17 ~ 2016-04-23,Really Really%KEVIN GATES,100,59,62,59,64,61,67,62,59,82,61
0,1371,0.00595238095238,0.0,0.0,1.0,0.0,96,2016-04-03 ~ 2016-04-09,Ride%TWENTY ONE PILOTS,101,101,101,101,101,101,101,101,101,101,96
0,1372,4.30480404173,0.15,0.025,3.5,1.4,96,2016-04-10 ~ 2016-04-16,Ride%TWENTY ONE PILOTS,101,96,101,101,101,101,101,101,101,101,88
1,1373,3.22062367633,0.30612244898,0.0408163265306,5.33333333333,0.489795918367,88,2016-04-17 ~ 2016-04-23,Ride%TWENTY ONE PILOTS,101,96,96,101,101,101,101,101,101,101,87
0,1372,0.00595238095238,0.0,0.0,1.0,0.0,16,2016-04-10 ~ 2016-04-16,Roses%THE CHAINSMOKERS ,102,17,14,13,10,9,9,9,6,8,20
0,1371,0.00595238095238,0.0,0.0,1.0,0.0,17,2016-04-03 ~ 2016-04-09,Roses%THE CHAINSMOKERS ,102,14,13,10,9,9,9,6,8,11,16
0,1373,0.0119047619048,1.0,0.0,3.0,0.0,20,2016-04-17 ~ 2016-04-23,Roses%THE CHAINSMOKERS ,102,16,17,14,13,10,9,9,9,6,26
0,1371,0.00595238095238,0.0,0.0,1.0,0.0,45,2016-04-03 ~ 2016-04-09,Same Old Love%SELENA GOMEZ,103,35,26,20,17,18,15,8,7,5,48
0,1372,0.930301240402,0.571428571429,0.0,9.0,0.642857142857,48,2016-04-10 ~ 2016-04-16,Same Old Love%SELENA GOMEZ,103,45,35,26,20,17,18,15,8,7,101
1,1373,1.11733288502,0.0,0.0,1.0,2.04166666667,101,2016-04-17 ~ 2016-04-23,Same Old Love%SELENA GOMEZ,103,48,45,35,26,20,17,18,15,8,101
0,1371,0.00595238095238,0.0,0.0,1.0,0.0,90,2016-04-03 ~ 2016-04-09,Saved%TY DOLLA $IGN ,104,95,90,93,101,101,101,101,101,101,89
0,1372,10.432941888,0.121739130435,0.0260869565217,3.75,1.70434782609,89,2016-04-10 ~ 2016-04-16,Saved%TY DOLLA $IGN ,104,90,95,90,93,101,101,101,101,101,83
1,1373,8.36048994269,0.161290322581,0.0645161290323,2.2,0.41935483871,83,2016-04-17 ~ 2016-04-23,Saved%TY DOLLA $IGN ,104,89,90,95,90,93,101,101,101,101,91
0,1371,0.00595238095238,0.0,0.0,1.0,0.0,37,2016-04-03 ~ 2016-04-09,Say It%TORY LANEZ,105,30,32,27,30,29,27,27,23,26,38
0,1372,2.32258064516,1.0,0.0,5.0,0.0,38,2016-04-10 ~ 2016-04-16,Say It%TORY LANEZ,105,37,30,32,27,30,29,27,27,23,42
1,1373,0.205125283116,1.0,0.0,5.0,0.0,42,2016-04-17 ~ 2016-04-23,Say It%TORY LANEZ,105,38,37,30,32,27,30,29,27,27,101
0,1372,0.00595238095238,0.0,0.0,1.0,0.0,101,2016-04-10 ~ 2016-04-16,See You Again%WIZ KHALIFA ,106,101,101,49,45,44,45,45,41,37,101
0,1371,0.00595238095238,0.0,0.0,1.0,0.0,101,2016-04-03 ~ 2016-04-09,See You Again%WIZ KHALIFA ,106,101,49,45,44,45,45,41,37,38,101
0,1373,0.333549522839,0.0,0.0,1.0,0.666666666667,101,2016-04-17 ~ 2016-04-23,See You Again%WIZ KHALIFA ,106,101,101,101,49,45,44,45,45,41,101
0,1373,0.00595238095238,0.0,0.0,1.0,0.0,55,2016-04-17 ~ 2016-04-23,Snapback%OLD DOMINION,107,60,64,62,70,71,79,82,88,100,52
0,1371,0.00595238095238,0.0,0.0,1.0,0.0,64,2016-04-03 ~ 2016-04-09,Snapback%OLD DOMINION,107,62,70,71,79,82,88,100,101,101,60
0,1372,0.0119047619048,0.0,0.0,1.0,1.0,60,2016-04-10 ~ 2016-04-16,Snapback%OLD DOMINION,107,64,62,70,71,79,82,88,100,101,55
0,1371,0.00595238095238,0.0,0.0,1.0,0.0,72,2016-04-03 ~ 2016-04-09,Something In The Way You Move%ELLIE GOULDING,108,52,53,43,62,66,70,81,101,101,87
0,1372,2.0903947173,0.0232558139535,0.0,2.0,2.97674418605,87,2016-04-10 ~ 2016-04-16,Something In The Way You Move%ELLIE GOULDING,108,72,52,53,43,62,66,70,81,101,96
1,1373,8.87269609944,0.0,0.0,1.0,0.0,96,2016-04-17 ~ 2016-04-23,Something In The Way You Move%ELLIE GOULDING,108,87,72,52,53,43,62,66,70,81,101
0,1372,0.00595238095238,0.0,0.0,1.0,0.0,97,2016-04-10 ~ 2016-04-16,Something New%ZENDAYA ,109,93,96,101,101,101,101,101,101,101,101
0,1371,0.00595238095238,0.0,0.0,1.0,0.0,93,2016-04-03 ~ 2016-04-09,Something New%ZENDAYA ,109,96,101,101,101,101,101,101,101,101,97
0,1373,0.728903029865,1.0,0.0,15.0,2.64285714286,101,2016-04-17 ~ 2016-04-23,Something New%ZENDAYA ,109,97,93,96,101,101,101,101,101,101,101
0,1371,0.00595238095238,0.0,0.0,1.0,0.0,59,2016-04-03 ~ 2016-04-09,Somewhere On A Beach%DIERKS BENTLEY,110,61,68,78,87,100,101,98,101,101,54
1,1372,0.00595238095238,0.0,0.0,1.0,0.0,54,2016-04-10 ~ 2016-04-16,Somewhere On A Beach%DIERKS BENTLEY,110,59,61,68,78,87,100,101,98,101,43
2,1373,0.00595238095238,0.0,0.0,1.0,0.0,43,2016-04-17 ~ 2016-04-23,Somewhere On A Beach%DIERKS BENTLEY,110,54,59,61,68,78,87,100,101,98,39
0,1372,0.00595238095238,0.0,0.0,1.0,0.0,99,2016-04-10 ~ 2016-04-16,Sorry Not Sorry%BRYSON TILLER,111,95,99,93,86,84,80,83,77,67,101
0,1371,0.00595238095238,0.0,0.0,1.0,0.0,95,2016-04-03 ~ 2016-04-09,Sorry Not Sorry%BRYSON TILLER,111,99,93,86,84,80,83,77,67,74,99
0,1373,0.0119047619048,1.0,0.0,3.0,0.0,101,2016-04-17 ~ 2016-04-23,Sorry Not Sorry%BRYSON TILLER,111,99,95,99,93,86,84,80,83,77,101
0,1373,0.00595238095238,0.0,0.0,1.0,0.0,13,2016-04-17 ~ 2016-04-23,Sorry%JUSTIN BIEBER,112,11,8,8,5,4,4,3,3,2,14
0,1371,0.00595238095238,0.0,0.0,1.0,0.0,8,2016-04-03 ~ 2016-04-09,Sorry%JUSTIN BIEBER,112,8,5,4,4,3,3,2,1,1,11
0,1372,0.00595238095238,0.0,0.0,1.0,1.0,11,2016-04-10 ~ 2016-04-16,Sorry%JUSTIN BIEBER,112,8,8,5,4,4,3,3,2,1,13
0,1371,0.00595238095238,0.0,0.0,1.0,0.0,61,2016-04-03 ~ 2016-04-09,Stand By You%RACHEL PLATTEN,113,47,42,41,41,37,37,37,42,46,77
1,1372,0.00595238095238,0.0,0.0,1.0,0.0,77,2016-04-10 ~ 2016-04-16,Stand By You%RACHEL PLATTEN,113,61,47,42,41,41,37,37,37,42,75
2,1373,0.00595238095238,0.0,0.0,1.0,0.0,75,2016-04-17 ~ 2016-04-23,Stand By You%RACHEL PLATTEN,113,77,61,47,42,41,41,37,37,37,101
0,1371,0.00595238095238,0.0,0.0,1.0,0.0,101,2016-04-03 ~ 2016-04-09,Stay A Little Longer%BROTHERS OSBORNE,114,101,101,101,76,71,65,50,46,54,101
0,1372,185.746797581,0.00126023944549,0.996849401386,0.00189513581807,1.13925645873,101,2016-04-10 ~ 2016-04-16,Stay A Little Longer%BROTHERS OSBORNE,114,101,101,101,101,76,71,65,50,46,101
1,1373,39.9640845645,0.0132352941176,0.897058823529,0.0163666121113,1.16323529412,101,2016-04-17 ~ 2016-04-23,Stay A Little Longer%BROTHERS OSBORNE,114,101,101,101,101,101,76,71,65,50,101
0,1371,0.00595238095238,0.0,0.0,1.0,0.0,20,2016-04-03 ~ 2016-04-09,Stitches%SHAWN MENDES,115,17,17,16,13,10,11,11,6,8,22
0,1372,21.4739272657,0.0,0.0,1.0,0.0,22,2016-04-10 ~ 2016-04-16,Stitches%SHAWN MENDES,115,20,17,17,16,13,10,11,11,6,23
1,1373,2.5449997281,0.0,0.0,1.0,0.0,23,2016-04-17 ~ 2016-04-23,Stitches%SHAWN MENDES,115,22,20,17,17,16,13,10,11,11,27
0,1371,0.00595238095238,0.0,0.0,1.0,0.0,4,2016-04-03 ~ 2016-04-09,Stressed Out%TWENTY ONE PILOTS,116,3,3,3,3,2,4,3,4,4,5
1,1372,0.00595238095238,0.0,0.0,1.0,0.0,5,2016-04-10 ~ 2016-04-16,Stressed Out%TWENTY ONE PILOTS,116,4,3,3,3,3,2,4,3,4,7
2,1373,0.00595238095238,0.0,0.0,1.0,0.0,7,2016-04-17 ~ 2016-04-23,Stressed Out%TWENTY ONE PILOTS,116,5,4,3,3,3,3,2,4,3,11
0,1371,0.00595238095238,0.0,0.0,1.0,0.0,51,2016-04-03 ~ 2016-04-09,Sugar%ROBIN SCHULZ ,117,44,45,47,56,57,60,54,58,68,63
0,1372,4.11833563903,0.372093023256,0.046511627907,5.66666666667,0.581395348837,63,2016-04-10 ~ 2016-04-16,Sugar%ROBIN SCHULZ ,117,51,44,45,47,56,57,60,54,58,68
1,1373,13.0314743236,0.635593220339,0.0127118644068,37.75,1.80508474576,68,2016-04-17 ~ 2016-04-23,Sugar%ROBIN SCHULZ ,117,63,51,44,45,47,56,57,60,54,82
0,1371,0.00595238095238,0.0,0.0,1.0,0.0,31,2016-04-03 ~ 2016-04-09,Summer Sixteen%DRAKE,118,29,30,32,31,26,6,101,101,101,33
0,1372,2.68976395384,0.0,0.037037037037,0.5,0.37037037037,33,2016-04-10 ~ 2016-04-16,Summer Sixteen%DRAKE,118,31,29,30,32,31,26,6,101,101,36
1,1373,2.64608599779,0.0,0.03125,0.5,0.09375,36,2016-04-17 ~ 2016-04-23,Summer Sixteen%DRAKE,118,33,31,29,30,32,31,26,6,101,45
0,1371,0.00595238095238,0.0,0.0,1.0,0.0,80,2016-04-03 ~ 2016-04-09,T-Shirt%THOMAS RHETT,119,84,92,101,101,101,101,101,101,101,74
0,1372,14.6752423227,0.0444444444444,0.0,3.0,0.377777777778,74,2016-04-10 ~ 2016-04-16,T-Shirt%THOMAS RHETT,119,80,84,92,101,101,101,101,101,101,63
1,1373,2.10813976186,0.111111111111,0.0,5.0,0.972222222222,63,2016-04-17 ~ 2016-04-23,T-Shirt%THOMAS RHETT,119,74,80,84,92,101,101,101,101,101,63
0,1371,0.00595238095238,0.0,0.0,1.0,0.0,101,2016-04-03 ~ 2016-04-09,Team%IGGY AZALEA,120,101,101,101,101,101,101,101,101,101,42
0,1372,0.0119047619048,0.0,1.0,0.333333333333,0.0,42,2016-04-10 ~ 2016-04-16,Team%IGGY AZALEA,120,101,101,101,101,101,101,101,101,101,71
1,1373,0.249571049758,0.0,0.0,1.0,0.75,71,2016-04-17 ~ 2016-04-23,Team%IGGY AZALEA,120,42,101,101,101,101,101,101,101,101,65
0,1371,0.00595238095238,0.0,0.0,1.0,0.0,92,2016-04-03 ~ 2016-04-09,That Don't Sound Like You%LEE BRICE,121,93,88,92,98,101,101,101,101,101,90
0,1372,103.919975627,0.591908531223,0.0184696569921,30.6363636364,7.33069481091,90,2016-04-10 ~ 2016-04-16,That Don't Sound Like You%LEE BRICE,121,92,93,88,92,98,101,101,101,101,64
1,1373,309.071072319,0.067776096823,0.00590015128593,11.225,3.94765506808,64,2016-04-17 ~ 2016-04-23,That Don't Sound Like You%LEE BRICE,121,90,92,93,88,92,98,101,101,101,69
0,1371,0.00595238095238,0.0,0.0,1.0,0.0,101,2016-04-03 ~ 2016-04-09,The Fix%NELLY ,122,101,101,101,101,97,87,74,66,66,101
0,1372,120.369931231,0.234042553191,0.0141843971631,14.7777777778,1.42730496454,101,2016-04-10 ~ 2016-04-16,The Fix%NELLY ,122,101,101,101,101,101,97,87,74,66,101
1,1373,14.266780395,0.251655629139,0.0165562913907,12.8333333333,1.62913907285,101,2016-04-17 ~ 2016-04-23,The Fix%NELLY ,122,101,101,101,101,101,101,97,87,74,101
0,1371,0.00595238095238,0.0,0.0,1.0,0.0,25,2016-04-03 ~ 2016-04-09,The Hills%THE WEEKND,123,24,21,22,27,25,23,21,18,14,28
0,1372,38.6670669469,0.978260869565,0.0186335403727,45.1428571429,0.251552795031,28,2016-04-10 ~ 2016-04-16,The Hills%THE WEEKND,123,25,24,21,22,27,25,23,21,18,33
1,1373,24.6624542734,0.994174757282,0.00582524271845,128.25,0.219417475728,33,2016-04-17 ~ 2016-04-23,The Hills%THE WEEKND,123,28,25,24,21,22,27,25,23,21,42
0,1371,0.00595238095238,0.0,0.0,1.0,0.0,73,2016-04-03 ~ 2016-04-09,The Sound Of Silence%DISTURBED,124,76,81,88,101,101,101,101,101,101,69
0,1372,0.624256837099,0.0,0.0,1.0,0.0,69,2016-04-10 ~ 2016-04-16,The Sound Of Silence%DISTURBED,124,73,76,81,88,101,101,101,101,101,51
1,1373,1.0749477456,0.111111111111,0.0,2.0,0.0,51,2016-04-17 ~ 2016-04-23,The Sound Of Silence%DISTURBED,124,69,73,76,81,88,101,101,101,101,49
0,1371,0.00595238095238,0.0,0.0,1.0,0.0,68,2016-04-03 ~ 2016-04-09,Think Of You%CHRIS YOUNG duet with CASSADEE POPE,125,64,69,74,86,101,101,101,101,101,57
0,1372,1.09157064888,1.0,0.0,8.0,0.0,57,2016-04-10 ~ 2016-04-16,Think Of You%CHRIS YOUNG duet with CASSADEE POPE,125,68,64,69,74,86,101,101,101,101,53
1,1373,1.672668138,1.0,0.0,29.0,0.0,53,2016-04-17 ~ 2016-04-23,Think Of You%CHRIS YOUNG duet with CASSADEE POPE,125,57,68,64,69,74,86,101,101,101,41
0,1371,0.00595238095238,0.0,0.0,1.0,0.0,101,2016-04-03 ~ 2016-04-09,Til It Happens To You%LADY GAGA,126,101,95,101,101,101,101,101,101,101,101
1,1372,0.00595238095238,0.0,0.0,1.0,0.0,101,2016-04-10 ~ 2016-04-16,Til It Happens To You%LADY GAGA,126,101,101,95,101,101,101,101,101,101,101
2,1373,0.00595238095238,0.0,0.0,1.0,0.0,101,2016-04-17 ~ 2016-04-23,Til It Happens To You%LADY GAGA,126,101,101,101,95,101,101,101,101,101,101
0,1371,0.00595238095238,0.0,0.0,1.0,0.0,63,2016-04-03 ~ 2016-04-09,Try Everything%SHAKIRA,127,66,101,101,101,101,101,101,101,101,86
1,1372,0.00595238095238,0.0,0.0,1.0,0.0,86,2016-04-10 ~ 2016-04-16,Try Everything%SHAKIRA,127,63,66,101,101,101,101,101,101,101,65
2,1373,0.00595238095238,0.0,0.0,1.0,0.0,65,2016-04-17 ~ 2016-04-23,Try Everything%SHAKIRA,127,86,63,66,101,101,101,101,101,101,75
0,1371,0.00595238095238,0.0,0.0,1.0,0.0,101,2016-04-03 ~ 2016-04-09,Untitled 02 I 06.23.2014.%KENDRICK LAMAR,128,79,101,101,101,101,101,101,101,101,101
0,1372,0.00595238095238,0.0,0.0,1.0,0.0,101,2016-04-10 ~ 2016-04-16,Untitled 02 I 06.23.2014.%KENDRICK LAMAR,128,101,79,101,101,101,101,101,101,101,101
1,1373,0.0119047619048,0.0,0.0,1.0,0.0,101,2016-04-17 ~ 2016-04-23,Untitled 02 I 06.23.2014.%KENDRICK LAMAR,128,101,101,79,101,101,101,101,101,101,101
0,1371,0.00595238095238,0.0,0.0,1.0,0.0,101,2016-04-03 ~ 2016-04-09,Untitled 07 I 2014-2016%KENDRICK LAMAR,129,90,101,101,101,101,101,101,101,101,101
0,1372,0.710919192185,0.133333333333,0.0,3.0,0.133333333333,101,2016-04-10 ~ 2016-04-16,Untitled 07 I 2014-2016%KENDRICK LAMAR,129,101,90,101,101,101,101,101,101,101,101
1,1373,0.472921935039,0.25,0.0,2.0,0.25,101,2016-04-17 ~ 2016-04-23,Untitled 07 I 2014-2016%KENDRICK LAMAR,129,101,101,90,101,101,101,101,101,101,101
0,1371,0.00595238095238,0.0,0.0,1.0,0.0,101,2016-04-03 ~ 2016-04-09,Uptown Funk!%MARK RONSON ,130,101,101,101,22,101,101,101,101,101,101
1,1372,0.00595238095238,0.0,0.0,1.0,0.0,101,2016-04-10 ~ 2016-04-16,Uptown Funk!%MARK RONSON ,130,101,101,101,101,22,101,101,101,101,101
2,1373,0.00595238095238,0.0,0.0,1.0,0.0,101,2016-04-17 ~ 2016-04-23,Uptown Funk!%MARK RONSON ,130,101,101,101,101,101,22,101,101,101,101
0,1371,0.00595238095238,0.0,0.0,1.0,0.0,101,2016-04-03 ~ 2016-04-09,WTF (Where They From)%MISSY ELLIOTT ,131,101,101,101,101,92,95,84,77,73,101
1,1372,0.00595238095238,0.0,0.0,1.0,0.0,101,2016-04-10 ~ 2016-04-16,WTF (Where They From)%MISSY ELLIOTT ,131,101,101,101,101,101,92,95,84,77,101
2,1373,0.00595238095238,0.0,0.0,1.0,0.0,101,2016-04-17 ~ 2016-04-23,WTF (Where They From)%MISSY ELLIOTT ,131,101,101,101,101,101,101,92,95,84,101
0,1371,0.00595238095238,0.0,0.0,1.0,0.0,101,2016-04-03 ~ 2016-04-09,Walking On A Dream%EMPIRE OF THE SUN,132,101,99,90,101,101,89,65,82,101,101
0,1372,0.00595238095238,0.0,0.0,1.0,0.0,101,2016-04-10 ~ 2016-04-16,Walking On A Dream%EMPIRE OF THE SUN,132,101,101,99,90,101,101,89,65,82,101
1,1373,0.352948097022,0.0,0.0,1.0,0.2,101,2016-04-17 ~ 2016-04-23,Walking On A Dream%EMPIRE OF THE SUN,132,101,101,101,99,90,101,101,89,65,101
0,1371,0.00595238095238,0.0,0.0,1.0,0.0,101,2016-04-03 ~ 2016-04-09,Watch Me%SILENTO,133,101,101,101,101,47,38,39,28,29,101
0,1372,0.304736106996,0.333333333333,0.0,3.0,0.666666666667,101,2016-04-10 ~ 2016-04-16,Watch Me%SILENTO,133,101,101,101,101,101,47,38,39,28,101
1,1373,0.372126678123,0.25,0.0,3.0,1.125,101,2016-04-17 ~ 2016-04-23,Watch Me%SILENTO,133,101,101,101,101,101,101,47,38,39,101
0,1371,0.00595238095238,0.0,0.0,1.0,0.0,101,2016-04-03 ~ 2016-04-09,Watch Out%2 CHAINZ,134,91,98,89,91,77,74,64,88,85,101
0,1372,3.10344827586,0.0,0.0,1.0,0.2,101,2016-04-10 ~ 2016-04-16,Watch Out%2 CHAINZ,134,101,91,98,89,91,77,74,64,88,101
1,1373,0.00595238095238,0.0,0.0,1.0,0.0,101,2016-04-17 ~ 2016-04-23,Watch Out%2 CHAINZ,134,101,101,91,98,89,91,77,74,64,101
0,1372,0.00595238095238,0.0,0.0,1.0,0.0,101,2016-04-10 ~ 2016-04-16,We Went%RANDY HOUSER,135,91,75,60,63,71,72,72,72,90,101
0,1371,0.00595238095238,0.0,0.0,1.0,0.0,91,2016-04-03 ~ 2016-04-09,We Went%RANDY HOUSER,135,75,60,63,71,72,72,72,90,93,101
0,1373,3.16066725198,0.0,0.0,1.0,0.0,101,2016-04-17 ~ 2016-04-23,We Went%RANDY HOUSER,135,101,91,75,60,63,71,72,72,72,101
0,1371,0.00595238095238,0.0,0.0,1.0,0.0,36,2016-04-03 ~ 2016-04-09,What Do You Mean?%JUSTIN BIEBER,136,34,29,25,25,23,21,17,10,10,37
1,1372,0.00595238095238,0.0,0.0,1.0,0.0,37,2016-04-10 ~ 2016-04-16,What Do You Mean?%JUSTIN BIEBER,136,36,34,29,25,25,23,21,17,10,41
2,1373,0.00595238095238,0.0,0.0,1.0,0.0,41,2016-04-17 ~ 2016-04-23,What Do You Mean?%JUSTIN BIEBER,136,37,36,34,29,25,25,23,21,17,101
0,1371,0.00595238095238,0.0,0.0,1.0,0.0,34,2016-04-03 ~ 2016-04-09,When We Were Young%ADELE,137,28,23,18,14,20,29,29,35,41,50
0,1372,0.304970289601,0.0,1.0,0.125,0.0,50,2016-04-10 ~ 2016-04-16,When We Were Young%ADELE,137,34,28,23,18,14,20,29,29,35,58
1,1373,3.22122216959,0.0,0.911764705882,0.03125,0.0,58,2016-04-17 ~ 2016-04-23,When We Were Young%ADELE,137,50,34,28,23,18,14,20,29,29,70
0,1371,0.00595238095238,0.0,0.0,1.0,0.0,101,2016-04-03 ~ 2016-04-09,Whisper%CHASE RICE,138,101,101,101,101,94,101,101,101,101,101
0,1372,33.1327433628,1.0,0.0,27.0,0.0,101,2016-04-10 ~ 2016-04-16,Whisper%CHASE RICE,138,101,101,101,101,101,94,101,101,101,101
1,1373,1.45126711011,1.0,0.0,23.0,0.0454545454545,101,2016-04-17 ~ 2016-04-23,Whisper%CHASE RICE,138,101,101,101,101,101,101,94,101,101,101
0,1372,0.00595238095238,0.0,0.0,1.0,0.0,45,2016-04-10 ~ 2016-04-16,White Iverson%POST MALONE,139,49,46,44,42,39,34,24,19,17,49
0,1371,0.00595238095238,0.0,0.0,1.0,0.0,49,2016-04-03 ~ 2016-04-09,White Iverson%POST MALONE,139,46,44,42,39,34,24,19,17,16,45
0,1373,0.0119047619048,0.0,0.0,1.0,0.0,49,2016-04-17 ~ 2016-04-23,White Iverson%POST MALONE,139,45,49,46,44,42,39,34,24,19,101
0,1371,0.00595238095238,0.0,0.0,1.0,0.0,66,2016-04-03 ~ 2016-04-09,Wild Things%ALESSIA CARA,140,69,80,91,101,101,101,101,101,101,58
0,1372,0.445076342956,1.0,0.0,3.0,0.0,58,2016-04-10 ~ 2016-04-16,Wild Things%ALESSIA CARA,140,66,69,80,91,101,101,101,101,101,60
1,1373,0.1266104735,1.0,0.0,4.0,0.333333333333,60,2016-04-17 ~ 2016-04-23,Wild Things%ALESSIA CARA,140,58,66,69,80,91,101,101,101,101,60
0,1373,0.00595238095238,0.0,0.0,1.0,0.0,101,2016-04-17 ~ 2016-04-23,Wildest Dreams%TAYLOR SWIFT,141,101,101,101,101,46,46,38,35,34,101
0,1371,0.00595238095238,0.0,0.0,1.0,0.0,101,2016-04-03 ~ 2016-04-09,Wildest Dreams%TAYLOR SWIFT,141,101,101,46,46,38,35,34,34,28,101
0,1372,0.143031201992,0.0,0.0,1.0,0.0,101,2016-04-10 ~ 2016-04-16,Wildest Dreams%TAYLOR SWIFT,141,101,101,101,46,46,38,35,34,34,101
0,1371,0.00595238095238,0.0,0.0,1.0,0.0,13,2016-04-03 ~ 2016-04-09,Work From Home%FIFTH HARMONY ,142,16,12,101,101,101,101,101,101,101,12
1,1372,0.00595238095238,0.0,0.0,1.0,0.0,12,2016-04-10 ~ 2016-04-16,Work From Home%FIFTH HARMONY ,142,13,16,12,101,101,101,101,101,101,10
2,1373,0.00595238095238,0.0,0.0,1.0,0.0,10,2016-04-17 ~ 2016-04-23,Work From Home%FIFTH HARMONY ,142,12,13,16,12,101,101,101,101,101,9
0,1371,0.00595238095238,0.0,0.0,1.0,0.0,1,2016-04-03 ~ 2016-04-09,Work%RIHANNA ,143,1,1,1,1,4,7,9,101,101,1
0,1372,1.71223631946,0.0540540540541,0.0,3.0,0.486486486486,1,2016-04-10 ~ 2016-04-16,Work%RIHANNA ,143,1,1,1,1,1,4,7,9,101,1
1,1373,2.75612964017,0.0512820512821,0.0,3.0,0.794871794872,1,2016-04-17 ~ 2016-04-23,Work%RIHANNA ,143,1,1,1,1,1,1,4,7,9,1
0,1372,0.00595238095238,0.0,0.0,1.0,0.0,32,2016-04-10 ~ 2016-04-16,You Should Be Here%COLE SWINDELL,144,32,38,43,50,55,54,57,60,70,31
0,1371,0.00595238095238,0.0,0.0,1.0,0.0,32,2016-04-03 ~ 2016-04-09,You Should Be Here%COLE SWINDELL,144,38,43,50,55,54,57,60,70,82,32
0,1373,9164.38356164,0.406975585451,0.0613851519681,6.62074554295,1.83956153463,31,2016-04-17 ~ 2016-04-23,You Should Be Here%COLE SWINDELL,144,32,32,38,43,50,55,54,57,60,35
1,1374,19.9649737303,0.263157894737,0.0,6.0,0.526315789474,35,2016-04-24 ~ 2016-04-30,You Should Be Here%COLE SWINDELL,144,31,32,32,38,43,50,55,54,57,0
0,1371,0.00595238095238,0.0,0.0,1.0,0.0,23,2016-04-03 ~ 2016-04-09,Youth%TROYE SIVAN,145,58,58,67,80,88,85,101,101,101,36
1,1372,0.00595238095238,0.0,0.0,1.0,0.0,36,2016-04-10 ~ 2016-04-16,Youth%TROYE SIVAN,145,23,58,58,67,80,88,85,101,101,34
2,1373,0.00595238095238,0.0,0.0,1.0,0.0,34,2016-04-17 ~ 2016-04-23,Youth%TROYE SIVAN,145,36,23,58,58,67,80,88,85,101,46
